#x, cPDF(x)
1,	9.998363e-01
1,	9.996726e-01
1,	9.995088e-01
1,	9.993451e-01
1,	9.991814e-01
1,	9.990177e-01
1,	9.988540e-01
1,	9.986902e-01
1,	9.985265e-01
1,	9.983628e-01
1,	9.981991e-01
1,	9.980354e-01
1,	9.978716e-01
1,	9.977079e-01
1,	9.975442e-01
1,	9.973805e-01
1,	9.972168e-01
1,	9.970530e-01
1,	9.968893e-01
1,	9.967256e-01
1,	9.965619e-01
1,	9.963982e-01
1,	9.962344e-01
1,	9.960707e-01
1,	9.959070e-01
1,	9.957433e-01
1,	9.955796e-01
1,	9.954158e-01
1,	9.952521e-01
1,	9.950884e-01
1,	9.949247e-01
1,	9.947610e-01
1,	9.945972e-01
1,	9.944335e-01
1,	9.942698e-01
1,	9.941061e-01
1,	9.939424e-01
1,	9.937787e-01
1,	9.936149e-01
1,	9.934512e-01
1,	9.932875e-01
1,	9.931238e-01
1,	9.929601e-01
1,	9.927963e-01
1,	9.926326e-01
1,	9.924689e-01
1,	9.923052e-01
1,	9.921415e-01
1,	9.919777e-01
1,	9.918140e-01
1,	9.916503e-01
1,	9.914866e-01
1,	9.913229e-01
1,	9.911591e-01
1,	9.909954e-01
1,	9.908317e-01
1,	9.906680e-01
1,	9.905043e-01
1,	9.903405e-01
1,	9.901768e-01
1,	9.900131e-01
1,	9.898494e-01
1,	9.896857e-01
1,	9.895219e-01
1,	9.893582e-01
1,	9.891945e-01
1,	9.890308e-01
1,	9.888671e-01
1,	9.887033e-01
1,	9.885396e-01
1,	9.883759e-01
1,	9.882122e-01
1,	9.880485e-01
1,	9.878847e-01
1,	9.877210e-01
1,	9.875573e-01
1,	9.873936e-01
1,	9.872299e-01
1,	9.870661e-01
1,	9.869024e-01
1,	9.867387e-01
1,	9.865750e-01
1,	9.864113e-01
1,	9.862475e-01
1,	9.860838e-01
1,	9.859201e-01
1,	9.857564e-01
1,	9.855927e-01
1,	9.854289e-01
1,	9.852652e-01
1,	9.851015e-01
1,	9.849378e-01
1,	9.847741e-01
1,	9.846103e-01
1,	9.844466e-01
1,	9.842829e-01
1,	9.841192e-01
1,	9.839555e-01
1,	9.837917e-01
1,	9.836280e-01
1,	9.834643e-01
1,	9.833006e-01
1,	9.831369e-01
1,	9.829731e-01
1,	9.828094e-01
1,	9.826457e-01
1,	9.824820e-01
1,	9.823183e-01
1,	9.821546e-01
1,	9.819908e-01
1,	9.818271e-01
1,	9.816634e-01
1,	9.814997e-01
1,	9.813360e-01
1,	9.811722e-01
1,	9.810085e-01
1,	9.808448e-01
1,	9.806811e-01
1,	9.805174e-01
1,	9.803536e-01
1,	9.801899e-01
1,	9.800262e-01
1,	9.798625e-01
1,	9.796988e-01
1,	9.795350e-01
1,	9.793713e-01
1,	9.792076e-01
1,	9.790439e-01
1,	9.788802e-01
1,	9.787164e-01
1,	9.785527e-01
1,	9.783890e-01
1,	9.782253e-01
1,	9.780616e-01
1,	9.778978e-01
1,	9.777341e-01
1,	9.775704e-01
1,	9.774067e-01
1,	9.772430e-01
1,	9.770792e-01
1,	9.769155e-01
1,	9.767518e-01
1,	9.765881e-01
1,	9.764244e-01
1,	9.762606e-01
1,	9.760969e-01
1,	9.759332e-01
1,	9.757695e-01
1,	9.756058e-01
1,	9.754420e-01
1,	9.752783e-01
1,	9.751146e-01
1,	9.749509e-01
1,	9.747872e-01
1,	9.746234e-01
1,	9.744597e-01
1,	9.742960e-01
1,	9.741323e-01
1,	9.739686e-01
1,	9.738048e-01
1,	9.736411e-01
1,	9.734774e-01
1,	9.733137e-01
1,	9.731500e-01
1,	9.729862e-01
1,	9.728225e-01
1,	9.726588e-01
1,	9.724951e-01
1,	9.723314e-01
1,	9.721676e-01
1,	9.720039e-01
1,	9.718402e-01
1,	9.716765e-01
1,	9.715128e-01
1,	9.713491e-01
1,	9.711853e-01
1,	9.710216e-01
1,	9.708579e-01
1,	9.706942e-01
1,	9.705305e-01
1,	9.703667e-01
1,	9.702030e-01
1,	9.700393e-01
1,	9.698756e-01
1,	9.697119e-01
1,	9.695481e-01
1,	9.693844e-01
1,	9.692207e-01
1,	9.690570e-01
1,	9.688933e-01
1,	9.687295e-01
1,	9.685658e-01
1,	9.684021e-01
1,	9.682384e-01
1,	9.680747e-01
1,	9.679109e-01
1,	9.677472e-01
1,	9.675835e-01
1,	9.674198e-01
1,	9.672561e-01
1,	9.670923e-01
1,	9.669286e-01
1,	9.667649e-01
1,	9.666012e-01
1,	9.664375e-01
1,	9.662737e-01
1,	9.661100e-01
1,	9.659463e-01
1,	9.657826e-01
1,	9.656189e-01
1,	9.654551e-01
1,	9.652914e-01
1,	9.651277e-01
1,	9.649640e-01
1,	9.648003e-01
1,	9.646365e-01
1,	9.644728e-01
1,	9.643091e-01
1,	9.641454e-01
1,	9.639817e-01
1,	9.638179e-01
1,	9.636542e-01
1,	9.634905e-01
1,	9.633268e-01
1,	9.631631e-01
1,	9.629993e-01
1,	9.628356e-01
1,	9.626719e-01
1,	9.625082e-01
1,	9.623445e-01
1,	9.621807e-01
1,	9.620170e-01
1,	9.618533e-01
1,	9.616896e-01
1,	9.615259e-01
1,	9.613621e-01
1,	9.611984e-01
1,	9.610347e-01
1,	9.608710e-01
1,	9.607073e-01
1,	9.605435e-01
1,	9.603798e-01
1,	9.602161e-01
1,	9.600524e-01
1,	9.598887e-01
1,	9.597250e-01
1,	9.595612e-01
1,	9.593975e-01
1,	9.592338e-01
1,	9.590701e-01
1,	9.589064e-01
1,	9.587426e-01
1,	9.585789e-01
1,	9.584152e-01
1,	9.582515e-01
1,	9.580878e-01
1,	9.579240e-01
1,	9.577603e-01
1,	9.575966e-01
1,	9.574329e-01
1,	9.572692e-01
1,	9.571054e-01
1,	9.569417e-01
1,	9.567780e-01
1,	9.566143e-01
1,	9.564506e-01
1,	9.562868e-01
1,	9.561231e-01
1,	9.559594e-01
1,	9.557957e-01
1,	9.556320e-01
1,	9.554682e-01
1,	9.553045e-01
1,	9.551408e-01
1,	9.549771e-01
1,	9.548134e-01
1,	9.546496e-01
1,	9.544859e-01
1,	9.543222e-01
1,	9.541585e-01
1,	9.539948e-01
1,	9.538310e-01
1,	9.536673e-01
1,	9.535036e-01
1,	9.533399e-01
1,	9.531762e-01
1,	9.530124e-01
1,	9.528487e-01
1,	9.526850e-01
1,	9.525213e-01
1,	9.523576e-01
1,	9.521938e-01
1,	9.520301e-01
1,	9.518664e-01
1,	9.517027e-01
1,	9.515390e-01
1,	9.513752e-01
1,	9.512115e-01
1,	9.510478e-01
1,	9.508841e-01
1,	9.507204e-01
1,	9.505566e-01
1,	9.503929e-01
1,	9.502292e-01
1,	9.500655e-01
1,	9.499018e-01
1,	9.497380e-01
1,	9.495743e-01
1,	9.494106e-01
1,	9.492469e-01
1,	9.490832e-01
1,	9.489194e-01
1,	9.487557e-01
1,	9.485920e-01
1,	9.484283e-01
1,	9.482646e-01
1,	9.481009e-01
1,	9.479371e-01
1,	9.477734e-01
1,	9.476097e-01
1,	9.474460e-01
1,	9.472823e-01
1,	9.471185e-01
1,	9.469548e-01
1,	9.467911e-01
1,	9.466274e-01
1,	9.464637e-01
1,	9.462999e-01
1,	9.461362e-01
1,	9.459725e-01
1,	9.458088e-01
1,	9.456451e-01
1,	9.454813e-01
1,	9.453176e-01
1,	9.451539e-01
1,	9.449902e-01
1,	9.448265e-01
1,	9.446627e-01
1,	9.444990e-01
1,	9.443353e-01
1,	9.441716e-01
1,	9.440079e-01
1,	9.438441e-01
1,	9.436804e-01
1,	9.435167e-01
1,	9.433530e-01
1,	9.431893e-01
1,	9.430255e-01
1,	9.428618e-01
1,	9.426981e-01
1,	9.425344e-01
1,	9.423707e-01
1,	9.422069e-01
1,	9.420432e-01
1,	9.418795e-01
1,	9.417158e-01
1,	9.415521e-01
1,	9.413883e-01
1,	9.412246e-01
1,	9.410609e-01
1,	9.408972e-01
1,	9.407335e-01
1,	9.405697e-01
1,	9.404060e-01
1,	9.402423e-01
1,	9.400786e-01
1,	9.399149e-01
1,	9.397511e-01
1,	9.395874e-01
1,	9.394237e-01
1,	9.392600e-01
1,	9.390963e-01
1,	9.389325e-01
1,	9.387688e-01
1,	9.386051e-01
1,	9.384414e-01
1,	9.382777e-01
1,	9.381139e-01
1,	9.379502e-01
1,	9.377865e-01
1,	9.376228e-01
1,	9.374591e-01
1,	9.372954e-01
1,	9.371316e-01
1,	9.369679e-01
1,	9.368042e-01
1,	9.366405e-01
1,	9.364768e-01
1,	9.363130e-01
1,	9.361493e-01
1,	9.359856e-01
1,	9.358219e-01
1,	9.356582e-01
1,	9.354944e-01
1,	9.353307e-01
1,	9.351670e-01
1,	9.350033e-01
1,	9.348396e-01
1,	9.346758e-01
1,	9.345121e-01
1,	9.343484e-01
1,	9.341847e-01
1,	9.340210e-01
1,	9.338572e-01
1,	9.336935e-01
1,	9.335298e-01
1,	9.333661e-01
1,	9.332024e-01
1,	9.330386e-01
1,	9.328749e-01
1,	9.327112e-01
1,	9.325475e-01
1,	9.323838e-01
1,	9.322200e-01
1,	9.320563e-01
1,	9.318926e-01
1,	9.317289e-01
1,	9.315652e-01
1,	9.314014e-01
1,	9.312377e-01
1,	9.310740e-01
1,	9.309103e-01
1,	9.307466e-01
1,	9.305828e-01
1,	9.304191e-01
1,	9.302554e-01
1,	9.300917e-01
1,	9.299280e-01
1,	9.297642e-01
1,	9.296005e-01
1,	9.294368e-01
1,	9.292731e-01
1,	9.291094e-01
1,	9.289456e-01
1,	9.287819e-01
1,	9.286182e-01
1,	9.284545e-01
1,	9.282908e-01
1,	9.281270e-01
1,	9.279633e-01
1,	9.277996e-01
1,	9.276359e-01
1,	9.274722e-01
1,	9.273084e-01
1,	9.271447e-01
1,	9.269810e-01
1,	9.268173e-01
1,	9.266536e-01
1,	9.264898e-01
1,	9.263261e-01
1,	9.261624e-01
1,	9.259987e-01
1,	9.258350e-01
1,	9.256713e-01
1,	9.255075e-01
1,	9.253438e-01
1,	9.251801e-01
1,	9.250164e-01
1,	9.248527e-01
1,	9.246889e-01
1,	9.245252e-01
1,	9.243615e-01
1,	9.241978e-01
1,	9.240341e-01
1,	9.238703e-01
1,	9.237066e-01
1,	9.235429e-01
1,	9.233792e-01
1,	9.232155e-01
1,	9.230517e-01
1,	9.228880e-01
1,	9.227243e-01
1,	9.225606e-01
1,	9.223969e-01
1,	9.222331e-01
1,	9.220694e-01
1,	9.219057e-01
1,	9.217420e-01
1,	9.215783e-01
1,	9.214145e-01
1,	9.212508e-01
1,	9.210871e-01
1,	9.209234e-01
1,	9.207597e-01
1,	9.205959e-01
1,	9.204322e-01
1,	9.202685e-01
1,	9.201048e-01
1,	9.199411e-01
1,	9.197773e-01
1,	9.196136e-01
1,	9.194499e-01
1,	9.192862e-01
1,	9.191225e-01
1,	9.189587e-01
1,	9.187950e-01
1,	9.186313e-01
1,	9.184676e-01
1,	9.183039e-01
1,	9.181401e-01
1,	9.179764e-01
1,	9.178127e-01
1,	9.176490e-01
1,	9.174853e-01
1,	9.173215e-01
1,	9.171578e-01
1,	9.169941e-01
1,	9.168304e-01
1,	9.166667e-01
1,	9.165029e-01
1,	9.163392e-01
1,	9.161755e-01
1,	9.160118e-01
1,	9.158481e-01
1,	9.156843e-01
1,	9.155206e-01
1,	9.153569e-01
1,	9.151932e-01
1,	9.150295e-01
1,	9.148657e-01
1,	9.147020e-01
1,	9.145383e-01
1,	9.143746e-01
1,	9.142109e-01
1,	9.140472e-01
1,	9.138834e-01
1,	9.137197e-01
1,	9.135560e-01
1,	9.133923e-01
1,	9.132286e-01
1,	9.130648e-01
1,	9.129011e-01
1,	9.127374e-01
1,	9.125737e-01
1,	9.124100e-01
1,	9.122462e-01
1,	9.120825e-01
1,	9.119188e-01
1,	9.117551e-01
1,	9.115914e-01
1,	9.114276e-01
1,	9.112639e-01
1,	9.111002e-01
1,	9.109365e-01
1,	9.107728e-01
1,	9.106090e-01
1,	9.104453e-01
1,	9.102816e-01
1,	9.101179e-01
1,	9.099542e-01
1,	9.097904e-01
1,	9.096267e-01
1,	9.094630e-01
1,	9.092993e-01
1,	9.091356e-01
1,	9.089718e-01
1,	9.088081e-01
1,	9.086444e-01
1,	9.084807e-01
1,	9.083170e-01
1,	9.081532e-01
1,	9.079895e-01
1,	9.078258e-01
1,	9.076621e-01
1,	9.074984e-01
1,	9.073346e-01
1,	9.071709e-01
1,	9.070072e-01
1,	9.068435e-01
1,	9.066798e-01
1,	9.065160e-01
1,	9.063523e-01
1,	9.061886e-01
1,	9.060249e-01
1,	9.058612e-01
1,	9.056974e-01
1,	9.055337e-01
1,	9.053700e-01
1,	9.052063e-01
1,	9.050426e-01
1,	9.048788e-01
1,	9.047151e-01
1,	9.045514e-01
1,	9.043877e-01
1,	9.042240e-01
1,	9.040602e-01
1,	9.038965e-01
1,	9.037328e-01
1,	9.035691e-01
1,	9.034054e-01
1,	9.032417e-01
1,	9.030779e-01
1,	9.029142e-01
1,	9.027505e-01
1,	9.025868e-01
1,	9.024231e-01
1,	9.022593e-01
1,	9.020956e-01
1,	9.019319e-01
1,	9.017682e-01
1,	9.016045e-01
1,	9.014407e-01
1,	9.012770e-01
1,	9.011133e-01
1,	9.009496e-01
1,	9.007859e-01
1,	9.006221e-01
1,	9.004584e-01
1,	9.002947e-01
1,	9.001310e-01
1,	8.999673e-01
1,	8.998035e-01
1,	8.996398e-01
1,	8.994761e-01
1,	8.993124e-01
1,	8.991487e-01
1,	8.989849e-01
1,	8.988212e-01
1,	8.986575e-01
1,	8.984938e-01
1,	8.983301e-01
1,	8.981663e-01
1,	8.980026e-01
1,	8.978389e-01
1,	8.976752e-01
1,	8.975115e-01
1,	8.973477e-01
1,	8.971840e-01
1,	8.970203e-01
1,	8.968566e-01
1,	8.966929e-01
1,	8.965291e-01
1,	8.963654e-01
1,	8.962017e-01
1,	8.960380e-01
1,	8.958743e-01
1,	8.957105e-01
1,	8.955468e-01
1,	8.953831e-01
1,	8.952194e-01
1,	8.950557e-01
1,	8.948919e-01
1,	8.947282e-01
1,	8.945645e-01
1,	8.944008e-01
1,	8.942371e-01
1,	8.940733e-01
1,	8.939096e-01
1,	8.937459e-01
1,	8.935822e-01
1,	8.934185e-01
1,	8.932547e-01
1,	8.930910e-01
1,	8.929273e-01
1,	8.927636e-01
1,	8.925999e-01
1,	8.924361e-01
1,	8.922724e-01
1,	8.921087e-01
1,	8.919450e-01
1,	8.917813e-01
1,	8.916176e-01
1,	8.914538e-01
1,	8.912901e-01
1,	8.911264e-01
1,	8.909627e-01
1,	8.907990e-01
1,	8.906352e-01
1,	8.904715e-01
1,	8.903078e-01
1,	8.901441e-01
1,	8.899804e-01
1,	8.898166e-01
1,	8.896529e-01
1,	8.894892e-01
1,	8.893255e-01
1,	8.891618e-01
1,	8.889980e-01
1,	8.888343e-01
1,	8.886706e-01
1,	8.885069e-01
1,	8.883432e-01
1,	8.881794e-01
1,	8.880157e-01
1,	8.878520e-01
1,	8.876883e-01
1,	8.875246e-01
1,	8.873608e-01
1,	8.871971e-01
1,	8.870334e-01
1,	8.868697e-01
1,	8.867060e-01
1,	8.865422e-01
1,	8.863785e-01
1,	8.862148e-01
1,	8.860511e-01
1,	8.858874e-01
1,	8.857236e-01
1,	8.855599e-01
1,	8.853962e-01
1,	8.852325e-01
1,	8.850688e-01
1,	8.849050e-01
1,	8.847413e-01
1,	8.845776e-01
1,	8.844139e-01
1,	8.842502e-01
1,	8.840864e-01
1,	8.839227e-01
1,	8.837590e-01
1,	8.835953e-01
1,	8.834316e-01
1,	8.832678e-01
1,	8.831041e-01
1,	8.829404e-01
1,	8.827767e-01
1,	8.826130e-01
1,	8.824492e-01
1,	8.822855e-01
1,	8.821218e-01
1,	8.819581e-01
1,	8.817944e-01
1,	8.816306e-01
1,	8.814669e-01
1,	8.813032e-01
1,	8.811395e-01
1,	8.809758e-01
1,	8.808120e-01
1,	8.806483e-01
1,	8.804846e-01
1,	8.803209e-01
1,	8.801572e-01
1,	8.799935e-01
1,	8.798297e-01
1,	8.796660e-01
1,	8.795023e-01
1,	8.793386e-01
1,	8.791749e-01
1,	8.790111e-01
1,	8.788474e-01
1,	8.786837e-01
1,	8.785200e-01
1,	8.783563e-01
1,	8.781925e-01
1,	8.780288e-01
1,	8.778651e-01
1,	8.777014e-01
1,	8.775377e-01
1,	8.773739e-01
1,	8.772102e-01
1,	8.770465e-01
1,	8.768828e-01
1,	8.767191e-01
1,	8.765553e-01
1,	8.763916e-01
1,	8.762279e-01
1,	8.760642e-01
1,	8.759005e-01
1,	8.757367e-01
1,	8.755730e-01
1,	8.754093e-01
1,	8.752456e-01
1,	8.750819e-01
1,	8.749181e-01
1,	8.747544e-01
1,	8.745907e-01
1,	8.744270e-01
1,	8.742633e-01
1,	8.740995e-01
1,	8.739358e-01
1,	8.737721e-01
1,	8.736084e-01
1,	8.734447e-01
1,	8.732809e-01
1,	8.731172e-01
1,	8.729535e-01
1,	8.727898e-01
1,	8.726261e-01
1,	8.724623e-01
1,	8.722986e-01
1,	8.721349e-01
1,	8.719712e-01
1,	8.718075e-01
1,	8.716437e-01
1,	8.714800e-01
1,	8.713163e-01
1,	8.711526e-01
1,	8.709889e-01
1,	8.708251e-01
1,	8.706614e-01
1,	8.704977e-01
1,	8.703340e-01
1,	8.701703e-01
1,	8.700065e-01
1,	8.698428e-01
1,	8.696791e-01
1,	8.695154e-01
1,	8.693517e-01
1,	8.691880e-01
1,	8.690242e-01
1,	8.688605e-01
1,	8.686968e-01
1,	8.685331e-01
1,	8.683694e-01
1,	8.682056e-01
1,	8.680419e-01
1,	8.678782e-01
1,	8.677145e-01
1,	8.675508e-01
1,	8.673870e-01
1,	8.672233e-01
1,	8.670596e-01
1,	8.668959e-01
1,	8.667322e-01
1,	8.665684e-01
1,	8.664047e-01
1,	8.662410e-01
1,	8.660773e-01
1,	8.659136e-01
1,	8.657498e-01
1,	8.655861e-01
1,	8.654224e-01
1,	8.652587e-01
1,	8.650950e-01
1,	8.649312e-01
1,	8.647675e-01
1,	8.646038e-01
1,	8.644401e-01
1,	8.642764e-01
1,	8.641126e-01
1,	8.639489e-01
1,	8.637852e-01
1,	8.636215e-01
1,	8.634578e-01
1,	8.632940e-01
1,	8.631303e-01
1,	8.629666e-01
1,	8.628029e-01
1,	8.626392e-01
1,	8.624754e-01
1,	8.623117e-01
1,	8.621480e-01
1,	8.619843e-01
1,	8.618206e-01
1,	8.616568e-01
1,	8.614931e-01
1,	8.613294e-01
1,	8.611657e-01
1,	8.610020e-01
1,	8.608382e-01
1,	8.606745e-01
1,	8.605108e-01
1,	8.603471e-01
1,	8.601834e-01
1,	8.600196e-01
1,	8.598559e-01
1,	8.596922e-01
1,	8.595285e-01
1,	8.593648e-01
1,	8.592010e-01
1,	8.590373e-01
1,	8.588736e-01
1,	8.587099e-01
1,	8.585462e-01
1,	8.583824e-01
1,	8.582187e-01
1,	8.580550e-01
1,	8.578913e-01
1,	8.577276e-01
1,	8.575639e-01
1,	8.574001e-01
1,	8.572364e-01
1,	8.570727e-01
1,	8.569090e-01
1,	8.567453e-01
1,	8.565815e-01
1,	8.564178e-01
1,	8.562541e-01
1,	8.560904e-01
1,	8.559267e-01
1,	8.557629e-01
1,	8.555992e-01
1,	8.554355e-01
1,	8.552718e-01
1,	8.551081e-01
1,	8.549443e-01
1,	8.547806e-01
1,	8.546169e-01
1,	8.544532e-01
1,	8.542895e-01
1,	8.541257e-01
1,	8.539620e-01
1,	8.537983e-01
1,	8.536346e-01
1,	8.534709e-01
1,	8.533071e-01
1,	8.531434e-01
1,	8.529797e-01
1,	8.528160e-01
1,	8.526523e-01
1,	8.524885e-01
1,	8.523248e-01
1,	8.521611e-01
1,	8.519974e-01
1,	8.518337e-01
1,	8.516699e-01
1,	8.515062e-01
1,	8.513425e-01
1,	8.511788e-01
1,	8.510151e-01
1,	8.508513e-01
1,	8.506876e-01
1,	8.505239e-01
1,	8.503602e-01
1,	8.501965e-01
1,	8.500327e-01
1,	8.498690e-01
1,	8.497053e-01
1,	8.495416e-01
1,	8.493779e-01
1,	8.492141e-01
1,	8.490504e-01
1,	8.488867e-01
1,	8.487230e-01
1,	8.485593e-01
1,	8.483955e-01
1,	8.482318e-01
1,	8.480681e-01
1,	8.479044e-01
1,	8.477407e-01
1,	8.475769e-01
1,	8.474132e-01
1,	8.472495e-01
1,	8.470858e-01
1,	8.469221e-01
1,	8.467583e-01
1,	8.465946e-01
1,	8.464309e-01
1,	8.462672e-01
1,	8.461035e-01
1,	8.459398e-01
1,	8.457760e-01
1,	8.456123e-01
1,	8.454486e-01
1,	8.452849e-01
1,	8.451212e-01
1,	8.449574e-01
1,	8.447937e-01
1,	8.446300e-01
1,	8.444663e-01
1,	8.443026e-01
1,	8.441388e-01
1,	8.439751e-01
1,	8.438114e-01
1,	8.436477e-01
1,	8.434840e-01
1,	8.433202e-01
1,	8.431565e-01
1,	8.429928e-01
1,	8.428291e-01
1,	8.426654e-01
1,	8.425016e-01
1,	8.423379e-01
1,	8.421742e-01
1,	8.420105e-01
1,	8.418468e-01
1,	8.416830e-01
1,	8.415193e-01
1,	8.413556e-01
1,	8.411919e-01
1,	8.410282e-01
1,	8.408644e-01
1,	8.407007e-01
1,	8.405370e-01
1,	8.403733e-01
1,	8.402096e-01
1,	8.400458e-01
1,	8.398821e-01
1,	8.397184e-01
1,	8.395547e-01
1,	8.393910e-01
1,	8.392272e-01
1,	8.390635e-01
1,	8.388998e-01
1,	8.387361e-01
1,	8.385724e-01
1,	8.384086e-01
1,	8.382449e-01
1,	8.380812e-01
1,	8.379175e-01
1,	8.377538e-01
1,	8.375900e-01
1,	8.374263e-01
1,	8.372626e-01
1,	8.370989e-01
1,	8.369352e-01
1,	8.367714e-01
1,	8.366077e-01
1,	8.364440e-01
1,	8.362803e-01
1,	8.361166e-01
1,	8.359528e-01
1,	8.357891e-01
1,	8.356254e-01
1,	8.354617e-01
1,	8.352980e-01
1,	8.351343e-01
1,	8.349705e-01
1,	8.348068e-01
1,	8.346431e-01
1,	8.344794e-01
1,	8.343157e-01
1,	8.341519e-01
1,	8.339882e-01
1,	8.338245e-01
1,	8.336608e-01
1,	8.334971e-01
1,	8.333333e-01
1,	8.331696e-01
1,	8.330059e-01
1,	8.328422e-01
1,	8.326785e-01
1,	8.325147e-01
1,	8.323510e-01
1,	8.321873e-01
1,	8.320236e-01
1,	8.318599e-01
1,	8.316961e-01
1,	8.315324e-01
1,	8.313687e-01
1,	8.312050e-01
1,	8.310413e-01
1,	8.308775e-01
1,	8.307138e-01
1,	8.305501e-01
1,	8.303864e-01
1,	8.302227e-01
1,	8.300589e-01
1,	8.298952e-01
1,	8.297315e-01
1,	8.295678e-01
1,	8.294041e-01
1,	8.292403e-01
1,	8.290766e-01
1,	8.289129e-01
1,	8.287492e-01
1,	8.285855e-01
1,	8.284217e-01
1,	8.282580e-01
1,	8.280943e-01
1,	8.279306e-01
1,	8.277669e-01
1,	8.276031e-01
1,	8.274394e-01
1,	8.272757e-01
1,	8.271120e-01
1,	8.269483e-01
1,	8.267845e-01
1,	8.266208e-01
1,	8.264571e-01
1,	8.262934e-01
1,	8.261297e-01
1,	8.259659e-01
1,	8.258022e-01
1,	8.256385e-01
1,	8.254748e-01
1,	8.253111e-01
1,	8.251473e-01
1,	8.249836e-01
1,	8.248199e-01
1,	8.246562e-01
1,	8.244925e-01
1,	8.243287e-01
1,	8.241650e-01
1,	8.240013e-01
1,	8.238376e-01
1,	8.236739e-01
1,	8.235102e-01
1,	8.233464e-01
1,	8.231827e-01
1,	8.230190e-01
1,	8.228553e-01
1,	8.226916e-01
1,	8.225278e-01
1,	8.223641e-01
1,	8.222004e-01
1,	8.220367e-01
1,	8.218730e-01
1,	8.217092e-01
1,	8.215455e-01
1,	8.213818e-01
1,	8.212181e-01
1,	8.210544e-01
1,	8.208906e-01
1,	8.207269e-01
1,	8.205632e-01
1,	8.203995e-01
1,	8.202358e-01
1,	8.200720e-01
1,	8.199083e-01
1,	8.197446e-01
1,	8.195809e-01
1,	8.194172e-01
1,	8.192534e-01
1,	8.190897e-01
1,	8.189260e-01
1,	8.187623e-01
1,	8.185986e-01
1,	8.184348e-01
1,	8.182711e-01
1,	8.181074e-01
1,	8.179437e-01
1,	8.177800e-01
1,	8.176162e-01
1,	8.174525e-01
1,	8.172888e-01
1,	8.171251e-01
1,	8.169614e-01
1,	8.167976e-01
1,	8.166339e-01
1,	8.164702e-01
1,	8.163065e-01
1,	8.161428e-01
1,	8.159790e-01
1,	8.158153e-01
1,	8.156516e-01
1,	8.154879e-01
1,	8.153242e-01
1,	8.151604e-01
1,	8.149967e-01
1,	8.148330e-01
1,	8.146693e-01
1,	8.145056e-01
1,	8.143418e-01
1,	8.141781e-01
1,	8.140144e-01
1,	8.138507e-01
1,	8.136870e-01
1,	8.135232e-01
1,	8.133595e-01
1,	8.131958e-01
1,	8.130321e-01
1,	8.128684e-01
1,	8.127046e-01
1,	8.125409e-01
1,	8.123772e-01
1,	8.122135e-01
1,	8.120498e-01
1,	8.118861e-01
1,	8.117223e-01
1,	8.115586e-01
1,	8.113949e-01
1,	8.112312e-01
1,	8.110675e-01
1,	8.109037e-01
1,	8.107400e-01
1,	8.105763e-01
1,	8.104126e-01
1,	8.102489e-01
1,	8.100851e-01
1,	8.099214e-01
1,	8.097577e-01
1,	8.095940e-01
1,	8.094303e-01
1,	8.092665e-01
1,	8.091028e-01
1,	8.089391e-01
1,	8.087754e-01
1,	8.086117e-01
1,	8.084479e-01
1,	8.082842e-01
1,	8.081205e-01
1,	8.079568e-01
1,	8.077931e-01
1,	8.076293e-01
1,	8.074656e-01
1,	8.073019e-01
1,	8.071382e-01
1,	8.069745e-01
1,	8.068107e-01
1,	8.066470e-01
1,	8.064833e-01
1,	8.063196e-01
1,	8.061559e-01
1,	8.059921e-01
1,	8.058284e-01
1,	8.056647e-01
1,	8.055010e-01
1,	8.053373e-01
1,	8.051735e-01
1,	8.050098e-01
1,	8.048461e-01
1,	8.046824e-01
1,	8.045187e-01
1,	8.043549e-01
1,	8.041912e-01
1,	8.040275e-01
1,	8.038638e-01
1,	8.037001e-01
1,	8.035363e-01
1,	8.033726e-01
1,	8.032089e-01
1,	8.030452e-01
1,	8.028815e-01
1,	8.027177e-01
1,	8.025540e-01
1,	8.023903e-01
1,	8.022266e-01
1,	8.020629e-01
1,	8.018991e-01
1,	8.017354e-01
1,	8.015717e-01
1,	8.014080e-01
1,	8.012443e-01
1,	8.010806e-01
1,	8.009168e-01
1,	8.007531e-01
1,	8.005894e-01
1,	8.004257e-01
1,	8.002620e-01
1,	8.000982e-01
1,	7.999345e-01
1,	7.997708e-01
1,	7.996071e-01
1,	7.994434e-01
1,	7.992796e-01
1,	7.991159e-01
1,	7.989522e-01
1,	7.987885e-01
1,	7.986248e-01
1,	7.984610e-01
1,	7.982973e-01
1,	7.981336e-01
1,	7.979699e-01
1,	7.978062e-01
1,	7.976424e-01
1,	7.974787e-01
1,	7.973150e-01
1,	7.971513e-01
1,	7.969876e-01
1,	7.968238e-01
1,	7.966601e-01
1,	7.964964e-01
1,	7.963327e-01
1,	7.961690e-01
1,	7.960052e-01
1,	7.958415e-01
1,	7.956778e-01
1,	7.955141e-01
1,	7.953504e-01
1,	7.951866e-01
1,	7.950229e-01
1,	7.948592e-01
1,	7.946955e-01
1,	7.945318e-01
1,	7.943680e-01
1,	7.942043e-01
1,	7.940406e-01
1,	7.938769e-01
1,	7.937132e-01
1,	7.935494e-01
1,	7.933857e-01
1,	7.932220e-01
1,	7.930583e-01
1,	7.928946e-01
1,	7.927308e-01
1,	7.925671e-01
1,	7.924034e-01
1,	7.922397e-01
1,	7.920760e-01
1,	7.919122e-01
1,	7.917485e-01
1,	7.915848e-01
1,	7.914211e-01
1,	7.912574e-01
1,	7.910936e-01
1,	7.909299e-01
1,	7.907662e-01
1,	7.906025e-01
1,	7.904388e-01
1,	7.902750e-01
1,	7.901113e-01
1,	7.899476e-01
1,	7.897839e-01
1,	7.896202e-01
1,	7.894565e-01
1,	7.892927e-01
1,	7.891290e-01
1,	7.889653e-01
1,	7.888016e-01
1,	7.886379e-01
1,	7.884741e-01
1,	7.883104e-01
1,	7.881467e-01
1,	7.879830e-01
1,	7.878193e-01
1,	7.876555e-01
1,	7.874918e-01
1,	7.873281e-01
1,	7.871644e-01
1,	7.870007e-01
1,	7.868369e-01
1,	7.866732e-01
1,	7.865095e-01
1,	7.863458e-01
1,	7.861821e-01
1,	7.860183e-01
1,	7.858546e-01
1,	7.856909e-01
1,	7.855272e-01
1,	7.853635e-01
1,	7.851997e-01
1,	7.850360e-01
1,	7.848723e-01
1,	7.847086e-01
1,	7.845449e-01
1,	7.843811e-01
1,	7.842174e-01
1,	7.840537e-01
1,	7.838900e-01
1,	7.837263e-01
1,	7.835625e-01
1,	7.833988e-01
1,	7.832351e-01
1,	7.830714e-01
1,	7.829077e-01
1,	7.827439e-01
1,	7.825802e-01
1,	7.824165e-01
1,	7.822528e-01
1,	7.820891e-01
1,	7.819253e-01
1,	7.817616e-01
1,	7.815979e-01
1,	7.814342e-01
1,	7.812705e-01
1,	7.811067e-01
1,	7.809430e-01
1,	7.807793e-01
1,	7.806156e-01
1,	7.804519e-01
1,	7.802881e-01
1,	7.801244e-01
1,	7.799607e-01
1,	7.797970e-01
1,	7.796333e-01
1,	7.794695e-01
1,	7.793058e-01
1,	7.791421e-01
1,	7.789784e-01
1,	7.788147e-01
1,	7.786509e-01
1,	7.784872e-01
1,	7.783235e-01
1,	7.781598e-01
1,	7.779961e-01
1,	7.778324e-01
1,	7.776686e-01
1,	7.775049e-01
1,	7.773412e-01
1,	7.771775e-01
1,	7.770138e-01
1,	7.768500e-01
1,	7.766863e-01
1,	7.765226e-01
1,	7.763589e-01
1,	7.761952e-01
1,	7.760314e-01
1,	7.758677e-01
1,	7.757040e-01
1,	7.755403e-01
1,	7.753766e-01
1,	7.752128e-01
1,	7.750491e-01
1,	7.748854e-01
1,	7.747217e-01
1,	7.745580e-01
1,	7.743942e-01
1,	7.742305e-01
1,	7.740668e-01
1,	7.739031e-01
1,	7.737394e-01
1,	7.735756e-01
1,	7.734119e-01
1,	7.732482e-01
1,	7.730845e-01
1,	7.729208e-01
1,	7.727570e-01
1,	7.725933e-01
1,	7.724296e-01
1,	7.722659e-01
1,	7.721022e-01
1,	7.719384e-01
1,	7.717747e-01
1,	7.716110e-01
1,	7.714473e-01
1,	7.712836e-01
1,	7.711198e-01
1,	7.709561e-01
1,	7.707924e-01
1,	7.706287e-01
1,	7.704650e-01
1,	7.703012e-01
1,	7.701375e-01
1,	7.699738e-01
1,	7.698101e-01
1,	7.696464e-01
1,	7.694826e-01
1,	7.693189e-01
1,	7.691552e-01
1,	7.689915e-01
1,	7.688278e-01
1,	7.686640e-01
1,	7.685003e-01
1,	7.683366e-01
1,	7.681729e-01
1,	7.680092e-01
1,	7.678454e-01
1,	7.676817e-01
1,	7.675180e-01
1,	7.673543e-01
1,	7.671906e-01
1,	7.670269e-01
1,	7.668631e-01
1,	7.666994e-01
1,	7.665357e-01
1,	7.663720e-01
1,	7.662083e-01
1,	7.660445e-01
1,	7.658808e-01
1,	7.657171e-01
1,	7.655534e-01
1,	7.653897e-01
1,	7.652259e-01
1,	7.650622e-01
1,	7.648985e-01
1,	7.647348e-01
1,	7.645711e-01
1,	7.644073e-01
1,	7.642436e-01
1,	7.640799e-01
1,	7.639162e-01
1,	7.637525e-01
1,	7.635887e-01
1,	7.634250e-01
1,	7.632613e-01
1,	7.630976e-01
1,	7.629339e-01
1,	7.627701e-01
1,	7.626064e-01
1,	7.624427e-01
1,	7.622790e-01
1,	7.621153e-01
1,	7.619515e-01
1,	7.617878e-01
1,	7.616241e-01
1,	7.614604e-01
1,	7.612967e-01
1,	7.611329e-01
1,	7.609692e-01
1,	7.608055e-01
1,	7.606418e-01
1,	7.604781e-01
1,	7.603143e-01
1,	7.601506e-01
1,	7.599869e-01
1,	7.598232e-01
1,	7.596595e-01
1,	7.594957e-01
1,	7.593320e-01
1,	7.591683e-01
1,	7.590046e-01
1,	7.588409e-01
1,	7.586771e-01
1,	7.585134e-01
1,	7.583497e-01
1,	7.581860e-01
1,	7.580223e-01
1,	7.578585e-01
1,	7.576948e-01
1,	7.575311e-01
1,	7.573674e-01
1,	7.572037e-01
1,	7.570399e-01
1,	7.568762e-01
1,	7.567125e-01
1,	7.565488e-01
1,	7.563851e-01
1,	7.562213e-01
1,	7.560576e-01
1,	7.558939e-01
1,	7.557302e-01
1,	7.555665e-01
1,	7.554028e-01
1,	7.552390e-01
1,	7.550753e-01
1,	7.549116e-01
1,	7.547479e-01
1,	7.545842e-01
1,	7.544204e-01
1,	7.542567e-01
1,	7.540930e-01
1,	7.539293e-01
1,	7.537656e-01
1,	7.536018e-01
1,	7.534381e-01
1,	7.532744e-01
1,	7.531107e-01
1,	7.529470e-01
1,	7.527832e-01
1,	7.526195e-01
1,	7.524558e-01
1,	7.522921e-01
1,	7.521284e-01
1,	7.519646e-01
1,	7.518009e-01
1,	7.516372e-01
1,	7.514735e-01
1,	7.513098e-01
1,	7.511460e-01
1,	7.509823e-01
1,	7.508186e-01
1,	7.506549e-01
1,	7.504912e-01
1,	7.503274e-01
1,	7.501637e-01
1,	7.500000e-01
1,	7.498363e-01
1,	7.496726e-01
1,	7.495088e-01
1,	7.493451e-01
1,	7.491814e-01
1,	7.490177e-01
1,	7.488540e-01
1,	7.486902e-01
1,	7.485265e-01
1,	7.483628e-01
1,	7.481991e-01
1,	7.480354e-01
1,	7.478716e-01
1,	7.477079e-01
1,	7.475442e-01
1,	7.473805e-01
1,	7.472168e-01
1,	7.470530e-01
1,	7.468893e-01
1,	7.467256e-01
1,	7.465619e-01
1,	7.463982e-01
1,	7.462344e-01
1,	7.460707e-01
1,	7.459070e-01
1,	7.457433e-01
1,	7.455796e-01
1,	7.454158e-01
1,	7.452521e-01
1,	7.450884e-01
1,	7.449247e-01
1,	7.447610e-01
1,	7.445972e-01
1,	7.444335e-01
1,	7.442698e-01
1,	7.441061e-01
1,	7.439424e-01
1,	7.437787e-01
1,	7.436149e-01
1,	7.434512e-01
1,	7.432875e-01
1,	7.431238e-01
1,	7.429601e-01
1,	7.427963e-01
1,	7.426326e-01
1,	7.424689e-01
1,	7.423052e-01
1,	7.421415e-01
1,	7.419777e-01
1,	7.418140e-01
1,	7.416503e-01
1,	7.414866e-01
1,	7.413229e-01
1,	7.411591e-01
1,	7.409954e-01
1,	7.408317e-01
1,	7.406680e-01
1,	7.405043e-01
1,	7.403405e-01
1,	7.401768e-01
1,	7.400131e-01
1,	7.398494e-01
1,	7.396857e-01
1,	7.395219e-01
1,	7.393582e-01
1,	7.391945e-01
1,	7.390308e-01
1,	7.388671e-01
1,	7.387033e-01
1,	7.385396e-01
1,	7.383759e-01
1,	7.382122e-01
1,	7.380485e-01
1,	7.378847e-01
1,	7.377210e-01
1,	7.375573e-01
1,	7.373936e-01
1,	7.372299e-01
1,	7.370661e-01
1,	7.369024e-01
1,	7.367387e-01
1,	7.365750e-01
1,	7.364113e-01
1,	7.362475e-01
1,	7.360838e-01
1,	7.359201e-01
1,	7.357564e-01
1,	7.355927e-01
1,	7.354289e-01
1,	7.352652e-01
1,	7.351015e-01
1,	7.349378e-01
1,	7.347741e-01
1,	7.346103e-01
1,	7.344466e-01
1,	7.342829e-01
1,	7.341192e-01
1,	7.339555e-01
1,	7.337917e-01
1,	7.336280e-01
1,	7.334643e-01
1,	7.333006e-01
1,	7.331369e-01
1,	7.329731e-01
1,	7.328094e-01
1,	7.326457e-01
1,	7.324820e-01
1,	7.323183e-01
1,	7.321546e-01
1,	7.319908e-01
1,	7.318271e-01
1,	7.316634e-01
1,	7.314997e-01
1,	7.313360e-01
1,	7.311722e-01
1,	7.310085e-01
1,	7.308448e-01
1,	7.306811e-01
1,	7.305174e-01
1,	7.303536e-01
1,	7.301899e-01
1,	7.300262e-01
1,	7.298625e-01
1,	7.296988e-01
1,	7.295350e-01
1,	7.293713e-01
1,	7.292076e-01
1,	7.290439e-01
1,	7.288802e-01
1,	7.287164e-01
1,	7.285527e-01
1,	7.283890e-01
1,	7.282253e-01
1,	7.280616e-01
1,	7.278978e-01
1,	7.277341e-01
1,	7.275704e-01
1,	7.274067e-01
1,	7.272430e-01
1,	7.270792e-01
1,	7.269155e-01
1,	7.267518e-01
1,	7.265881e-01
1,	7.264244e-01
1,	7.262606e-01
1,	7.260969e-01
1,	7.259332e-01
1,	7.257695e-01
1,	7.256058e-01
1,	7.254420e-01
1,	7.252783e-01
1,	7.251146e-01
1,	7.249509e-01
1,	7.247872e-01
1,	7.246234e-01
1,	7.244597e-01
1,	7.242960e-01
1,	7.241323e-01
1,	7.239686e-01
1,	7.238048e-01
1,	7.236411e-01
1,	7.234774e-01
1,	7.233137e-01
1,	7.231500e-01
1,	7.229862e-01
1,	7.228225e-01
1,	7.226588e-01
1,	7.224951e-01
1,	7.223314e-01
1,	7.221676e-01
1,	7.220039e-01
1,	7.218402e-01
1,	7.216765e-01
1,	7.215128e-01
1,	7.213491e-01
1,	7.211853e-01
1,	7.210216e-01
1,	7.208579e-01
1,	7.206942e-01
1,	7.205305e-01
1,	7.203667e-01
1,	7.202030e-01
1,	7.200393e-01
1,	7.198756e-01
1,	7.197119e-01
1,	7.195481e-01
1,	7.193844e-01
1,	7.192207e-01
1,	7.190570e-01
1,	7.188933e-01
1,	7.187295e-01
1,	7.185658e-01
1,	7.184021e-01
1,	7.182384e-01
1,	7.180747e-01
1,	7.179109e-01
1,	7.177472e-01
1,	7.175835e-01
1,	7.174198e-01
1,	7.172561e-01
1,	7.170923e-01
1,	7.169286e-01
1,	7.167649e-01
1,	7.166012e-01
1,	7.164375e-01
1,	7.162737e-01
1,	7.161100e-01
1,	7.159463e-01
1,	7.157826e-01
1,	7.156189e-01
1,	7.154551e-01
1,	7.152914e-01
1,	7.151277e-01
1,	7.149640e-01
1,	7.148003e-01
1,	7.146365e-01
1,	7.144728e-01
1,	7.143091e-01
1,	7.141454e-01
1,	7.139817e-01
1,	7.138179e-01
1,	7.136542e-01
1,	7.134905e-01
1,	7.133268e-01
1,	7.131631e-01
1,	7.129993e-01
1,	7.128356e-01
1,	7.126719e-01
1,	7.125082e-01
1,	7.123445e-01
1,	7.121807e-01
1,	7.120170e-01
1,	7.118533e-01
1,	7.116896e-01
1,	7.115259e-01
1,	7.113621e-01
1,	7.111984e-01
1,	7.110347e-01
1,	7.108710e-01
1,	7.107073e-01
1,	7.105435e-01
1,	7.103798e-01
1,	7.102161e-01
1,	7.100524e-01
1,	7.098887e-01
1,	7.097250e-01
1,	7.095612e-01
1,	7.093975e-01
1,	7.092338e-01
1,	7.090701e-01
1,	7.089064e-01
1,	7.087426e-01
1,	7.085789e-01
1,	7.084152e-01
1,	7.082515e-01
1,	7.080878e-01
1,	7.079240e-01
1,	7.077603e-01
1,	7.075966e-01
1,	7.074329e-01
1,	7.072692e-01
1,	7.071054e-01
1,	7.069417e-01
1,	7.067780e-01
1,	7.066143e-01
1,	7.064506e-01
1,	7.062868e-01
1,	7.061231e-01
1,	7.059594e-01
1,	7.057957e-01
1,	7.056320e-01
1,	7.054682e-01
1,	7.053045e-01
1,	7.051408e-01
1,	7.049771e-01
1,	7.048134e-01
1,	7.046496e-01
1,	7.044859e-01
1,	7.043222e-01
1,	7.041585e-01
1,	7.039948e-01
1,	7.038310e-01
1,	7.036673e-01
1,	7.035036e-01
1,	7.033399e-01
1,	7.031762e-01
1,	7.030124e-01
1,	7.028487e-01
1,	7.026850e-01
1,	7.025213e-01
1,	7.023576e-01
1,	7.021938e-01
1,	7.020301e-01
1,	7.018664e-01
1,	7.017027e-01
1,	7.015390e-01
1,	7.013752e-01
1,	7.012115e-01
1,	7.010478e-01
1,	7.008841e-01
1,	7.007204e-01
1,	7.005566e-01
1,	7.003929e-01
1,	7.002292e-01
1,	7.000655e-01
1,	6.999018e-01
1,	6.997380e-01
1,	6.995743e-01
1,	6.994106e-01
1,	6.992469e-01
1,	6.990832e-01
1,	6.989194e-01
1,	6.987557e-01
1,	6.985920e-01
1,	6.984283e-01
1,	6.982646e-01
1,	6.981009e-01
1,	6.979371e-01
1,	6.977734e-01
1,	6.976097e-01
1,	6.974460e-01
1,	6.972823e-01
1,	6.971185e-01
1,	6.969548e-01
1,	6.967911e-01
1,	6.966274e-01
1,	6.964637e-01
1,	6.962999e-01
1,	6.961362e-01
1,	6.959725e-01
1,	6.958088e-01
1,	6.956451e-01
1,	6.954813e-01
1,	6.953176e-01
1,	6.951539e-01
1,	6.949902e-01
1,	6.948265e-01
1,	6.946627e-01
1,	6.944990e-01
1,	6.943353e-01
1,	6.941716e-01
1,	6.940079e-01
1,	6.938441e-01
1,	6.936804e-01
1,	6.935167e-01
1,	6.933530e-01
1,	6.931893e-01
1,	6.930255e-01
1,	6.928618e-01
1,	6.926981e-01
1,	6.925344e-01
1,	6.923707e-01
1,	6.922069e-01
1,	6.920432e-01
1,	6.918795e-01
1,	6.917158e-01
1,	6.915521e-01
1,	6.913883e-01
1,	6.912246e-01
1,	6.910609e-01
1,	6.908972e-01
1,	6.907335e-01
1,	6.905697e-01
1,	6.904060e-01
1,	6.902423e-01
1,	6.900786e-01
1,	6.899149e-01
1,	6.897511e-01
1,	6.895874e-01
1,	6.894237e-01
1,	6.892600e-01
1,	6.890963e-01
1,	6.889325e-01
1,	6.887688e-01
1,	6.886051e-01
1,	6.884414e-01
1,	6.882777e-01
1,	6.881139e-01
1,	6.879502e-01
1,	6.877865e-01
1,	6.876228e-01
1,	6.874591e-01
1,	6.872954e-01
1,	6.871316e-01
1,	6.869679e-01
1,	6.868042e-01
1,	6.866405e-01
1,	6.864768e-01
1,	6.863130e-01
1,	6.861493e-01
1,	6.859856e-01
1,	6.858219e-01
1,	6.856582e-01
1,	6.854944e-01
1,	6.853307e-01
1,	6.851670e-01
1,	6.850033e-01
1,	6.848396e-01
1,	6.846758e-01
1,	6.845121e-01
1,	6.843484e-01
1,	6.841847e-01
1,	6.840210e-01
1,	6.838572e-01
1,	6.836935e-01
1,	6.835298e-01
1,	6.833661e-01
1,	6.832024e-01
1,	6.830386e-01
1,	6.828749e-01
1,	6.827112e-01
1,	6.825475e-01
1,	6.823838e-01
1,	6.822200e-01
1,	6.820563e-01
1,	6.818926e-01
1,	6.817289e-01
1,	6.815652e-01
1,	6.814014e-01
1,	6.812377e-01
1,	6.810740e-01
1,	6.809103e-01
1,	6.807466e-01
1,	6.805828e-01
1,	6.804191e-01
1,	6.802554e-01
1,	6.800917e-01
1,	6.799280e-01
1,	6.797642e-01
1,	6.796005e-01
1,	6.794368e-01
1,	6.792731e-01
1,	6.791094e-01
1,	6.789456e-01
1,	6.787819e-01
1,	6.786182e-01
1,	6.784545e-01
1,	6.782908e-01
1,	6.781270e-01
1,	6.779633e-01
1,	6.777996e-01
1,	6.776359e-01
1,	6.774722e-01
1,	6.773084e-01
1,	6.771447e-01
1,	6.769810e-01
1,	6.768173e-01
1,	6.766536e-01
1,	6.764898e-01
1,	6.763261e-01
1,	6.761624e-01
1,	6.759987e-01
1,	6.758350e-01
1,	6.756713e-01
1,	6.755075e-01
1,	6.753438e-01
1,	6.751801e-01
1,	6.750164e-01
1,	6.748527e-01
1,	6.746889e-01
1,	6.745252e-01
1,	6.743615e-01
1,	6.741978e-01
1,	6.740341e-01
1,	6.738703e-01
1,	6.737066e-01
1,	6.735429e-01
1,	6.733792e-01
1,	6.732155e-01
1,	6.730517e-01
1,	6.728880e-01
1,	6.727243e-01
1,	6.725606e-01
1,	6.723969e-01
1,	6.722331e-01
1,	6.720694e-01
1,	6.719057e-01
1,	6.717420e-01
1,	6.715783e-01
1,	6.714145e-01
1,	6.712508e-01
1,	6.710871e-01
1,	6.709234e-01
1,	6.707597e-01
1,	6.705959e-01
1,	6.704322e-01
1,	6.702685e-01
1,	6.701048e-01
1,	6.699411e-01
1,	6.697773e-01
1,	6.696136e-01
1,	6.694499e-01
1,	6.692862e-01
1,	6.691225e-01
1,	6.689587e-01
1,	6.687950e-01
1,	6.686313e-01
1,	6.684676e-01
1,	6.683039e-01
1,	6.681401e-01
1,	6.679764e-01
1,	6.678127e-01
1,	6.676490e-01
1,	6.674853e-01
1,	6.673215e-01
1,	6.671578e-01
1,	6.669941e-01
1,	6.668304e-01
1,	6.666667e-01
1,	6.665029e-01
1,	6.663392e-01
1,	6.661755e-01
1,	6.660118e-01
1,	6.658481e-01
1,	6.656843e-01
1,	6.655206e-01
1,	6.653569e-01
1,	6.651932e-01
1,	6.650295e-01
1,	6.648657e-01
1,	6.647020e-01
1,	6.645383e-01
1,	6.643746e-01
1,	6.642109e-01
1,	6.640472e-01
1,	6.638834e-01
1,	6.637197e-01
1,	6.635560e-01
1,	6.633923e-01
1,	6.632286e-01
1,	6.630648e-01
1,	6.629011e-01
1,	6.627374e-01
1,	6.625737e-01
1,	6.624100e-01
1,	6.622462e-01
1,	6.620825e-01
1,	6.619188e-01
1,	6.617551e-01
1,	6.615914e-01
1,	6.614276e-01
1,	6.612639e-01
1,	6.611002e-01
1,	6.609365e-01
1,	6.607728e-01
1,	6.606090e-01
1,	6.604453e-01
1,	6.602816e-01
1,	6.601179e-01
1,	6.599542e-01
1,	6.597904e-01
1,	6.596267e-01
1,	6.594630e-01
1,	6.592993e-01
1,	6.591356e-01
1,	6.589718e-01
1,	6.588081e-01
1,	6.586444e-01
1,	6.584807e-01
1,	6.583170e-01
1,	6.581532e-01
1,	6.579895e-01
1,	6.578258e-01
1,	6.576621e-01
1,	6.574984e-01
1,	6.573346e-01
1,	6.571709e-01
1,	6.570072e-01
1,	6.568435e-01
1,	6.566798e-01
1,	6.565160e-01
1,	6.563523e-01
1,	6.561886e-01
1,	6.560249e-01
1,	6.558612e-01
1,	6.556974e-01
1,	6.555337e-01
1,	6.553700e-01
1,	6.552063e-01
1,	6.550426e-01
1,	6.548788e-01
1,	6.547151e-01
1,	6.545514e-01
1,	6.543877e-01
1,	6.542240e-01
1,	6.540602e-01
1,	6.538965e-01
1,	6.537328e-01
1,	6.535691e-01
1,	6.534054e-01
1,	6.532417e-01
1,	6.530779e-01
1,	6.529142e-01
1,	6.527505e-01
1,	6.525868e-01
1,	6.524231e-01
1,	6.522593e-01
1,	6.520956e-01
1,	6.519319e-01
1,	6.517682e-01
1,	6.516045e-01
1,	6.514407e-01
1,	6.512770e-01
1,	6.511133e-01
1,	6.509496e-01
1,	6.507859e-01
1,	6.506221e-01
1,	6.504584e-01
1,	6.502947e-01
1,	6.501310e-01
1,	6.499673e-01
1,	6.498035e-01
1,	6.496398e-01
1,	6.494761e-01
1,	6.493124e-01
1,	6.491487e-01
1,	6.489849e-01
1,	6.488212e-01
1,	6.486575e-01
1,	6.484938e-01
1,	6.483301e-01
1,	6.481663e-01
1,	6.480026e-01
1,	6.478389e-01
1,	6.476752e-01
1,	6.475115e-01
1,	6.473477e-01
1,	6.471840e-01
1,	6.470203e-01
1,	6.468566e-01
1,	6.466929e-01
1,	6.465291e-01
1,	6.463654e-01
1,	6.462017e-01
1,	6.460380e-01
1,	6.458743e-01
1,	6.457105e-01
1,	6.455468e-01
1,	6.453831e-01
1,	6.452194e-01
1,	6.450557e-01
1,	6.448919e-01
1,	6.447282e-01
1,	6.445645e-01
1,	6.444008e-01
1,	6.442371e-01
1,	6.440733e-01
1,	6.439096e-01
1,	6.437459e-01
1,	6.435822e-01
1,	6.434185e-01
1,	6.432547e-01
1,	6.430910e-01
1,	6.429273e-01
1,	6.427636e-01
1,	6.425999e-01
1,	6.424361e-01
1,	6.422724e-01
1,	6.421087e-01
1,	6.419450e-01
1,	6.417813e-01
1,	6.416176e-01
1,	6.414538e-01
1,	6.412901e-01
1,	6.411264e-01
1,	6.409627e-01
1,	6.407990e-01
1,	6.406352e-01
1,	6.404715e-01
1,	6.403078e-01
1,	6.401441e-01
1,	6.399804e-01
1,	6.398166e-01
1,	6.396529e-01
1,	6.394892e-01
1,	6.393255e-01
1,	6.391618e-01
1,	6.389980e-01
1,	6.388343e-01
1,	6.386706e-01
1,	6.385069e-01
1,	6.383432e-01
1,	6.381794e-01
1,	6.380157e-01
1,	6.378520e-01
1,	6.376883e-01
1,	6.375246e-01
1,	6.373608e-01
1,	6.371971e-01
1,	6.370334e-01
1,	6.368697e-01
1,	6.367060e-01
1,	6.365422e-01
1,	6.363785e-01
1,	6.362148e-01
1,	6.360511e-01
1,	6.358874e-01
1,	6.357236e-01
1,	6.355599e-01
1,	6.353962e-01
1,	6.352325e-01
1,	6.350688e-01
1,	6.349050e-01
1,	6.347413e-01
1,	6.345776e-01
1,	6.344139e-01
1,	6.342502e-01
1,	6.340864e-01
1,	6.339227e-01
1,	6.337590e-01
1,	6.335953e-01
1,	6.334316e-01
1,	6.332678e-01
1,	6.331041e-01
1,	6.329404e-01
1,	6.327767e-01
1,	6.326130e-01
1,	6.324492e-01
1,	6.322855e-01
1,	6.321218e-01
1,	6.319581e-01
1,	6.317944e-01
1,	6.316306e-01
1,	6.314669e-01
1,	6.313032e-01
1,	6.311395e-01
1,	6.309758e-01
1,	6.308120e-01
1,	6.306483e-01
1,	6.304846e-01
1,	6.303209e-01
1,	6.301572e-01
1,	6.299935e-01
1,	6.298297e-01
1,	6.296660e-01
1,	6.295023e-01
1,	6.293386e-01
1,	6.291749e-01
1,	6.290111e-01
1,	6.288474e-01
1,	6.286837e-01
1,	6.285200e-01
1,	6.283563e-01
1,	6.281925e-01
1,	6.280288e-01
1,	6.278651e-01
1,	6.277014e-01
1,	6.275377e-01
1,	6.273739e-01
1,	6.272102e-01
1,	6.270465e-01
1,	6.268828e-01
1,	6.267191e-01
1,	6.265553e-01
1,	6.263916e-01
1,	6.262279e-01
1,	6.260642e-01
1,	6.259005e-01
1,	6.257367e-01
1,	6.255730e-01
1,	6.254093e-01
1,	6.252456e-01
1,	6.250819e-01
1,	6.249181e-01
1,	6.247544e-01
1,	6.245907e-01
1,	6.244270e-01
1,	6.242633e-01
1,	6.240995e-01
1,	6.239358e-01
1,	6.237721e-01
1,	6.236084e-01
1,	6.234447e-01
1,	6.232809e-01
1,	6.231172e-01
1,	6.229535e-01
1,	6.227898e-01
1,	6.226261e-01
1,	6.224623e-01
1,	6.222986e-01
1,	6.221349e-01
1,	6.219712e-01
1,	6.218075e-01
1,	6.216437e-01
1,	6.214800e-01
1,	6.213163e-01
1,	6.211526e-01
1,	6.209889e-01
1,	6.208251e-01
1,	6.206614e-01
1,	6.204977e-01
1,	6.203340e-01
1,	6.201703e-01
1,	6.200065e-01
1,	6.198428e-01
1,	6.196791e-01
1,	6.195154e-01
1,	6.193517e-01
1,	6.191880e-01
1,	6.190242e-01
1,	6.188605e-01
1,	6.186968e-01
1,	6.185331e-01
1,	6.183694e-01
1,	6.182056e-01
1,	6.180419e-01
1,	6.178782e-01
1,	6.177145e-01
1,	6.175508e-01
1,	6.173870e-01
1,	6.172233e-01
1,	6.170596e-01
1,	6.168959e-01
1,	6.167322e-01
1,	6.165684e-01
1,	6.164047e-01
1,	6.162410e-01
1,	6.160773e-01
1,	6.159136e-01
1,	6.157498e-01
1,	6.155861e-01
1,	6.154224e-01
1,	6.152587e-01
1,	6.150950e-01
1,	6.149312e-01
1,	6.147675e-01
1,	6.146038e-01
1,	6.144401e-01
1,	6.142764e-01
1,	6.141126e-01
1,	6.139489e-01
1,	6.137852e-01
1,	6.136215e-01
1,	6.134578e-01
1,	6.132940e-01
1,	6.131303e-01
1,	6.129666e-01
1,	6.128029e-01
1,	6.126392e-01
1,	6.124754e-01
1,	6.123117e-01
1,	6.121480e-01
1,	6.119843e-01
1,	6.118206e-01
1,	6.116568e-01
1,	6.114931e-01
1,	6.113294e-01
1,	6.111657e-01
1,	6.110020e-01
1,	6.108382e-01
1,	6.106745e-01
1,	6.105108e-01
1,	6.103471e-01
1,	6.101834e-01
1,	6.100196e-01
1,	6.098559e-01
1,	6.096922e-01
1,	6.095285e-01
1,	6.093648e-01
1,	6.092010e-01
1,	6.090373e-01
1,	6.088736e-01
1,	6.087099e-01
1,	6.085462e-01
1,	6.083824e-01
1,	6.082187e-01
1,	6.080550e-01
1,	6.078913e-01
1,	6.077276e-01
1,	6.075639e-01
1,	6.074001e-01
1,	6.072364e-01
1,	6.070727e-01
1,	6.069090e-01
1,	6.067453e-01
1,	6.065815e-01
1,	6.064178e-01
1,	6.062541e-01
1,	6.060904e-01
1,	6.059267e-01
1,	6.057629e-01
1,	6.055992e-01
1,	6.054355e-01
1,	6.052718e-01
1,	6.051081e-01
1,	6.049443e-01
1,	6.047806e-01
1,	6.046169e-01
1,	6.044532e-01
1,	6.042895e-01
1,	6.041257e-01
1,	6.039620e-01
1,	6.037983e-01
1,	6.036346e-01
1,	6.034709e-01
1,	6.033071e-01
1,	6.031434e-01
1,	6.029797e-01
1,	6.028160e-01
1,	6.026523e-01
1,	6.024885e-01
1,	6.023248e-01
1,	6.021611e-01
1,	6.019974e-01
1,	6.018337e-01
1,	6.016699e-01
1,	6.015062e-01
1,	6.013425e-01
1,	6.011788e-01
1,	6.010151e-01
1,	6.008513e-01
1,	6.006876e-01
1,	6.005239e-01
1,	6.003602e-01
1,	6.001965e-01
1,	6.000327e-01
1,	5.998690e-01
1,	5.997053e-01
1,	5.995416e-01
1,	5.993779e-01
1,	5.992141e-01
1,	5.990504e-01
1,	5.988867e-01
1,	5.987230e-01
1,	5.985593e-01
1,	5.983955e-01
1,	5.982318e-01
1,	5.980681e-01
1,	5.979044e-01
1,	5.977407e-01
1,	5.975769e-01
1,	5.974132e-01
1,	5.972495e-01
1,	5.970858e-01
1,	5.969221e-01
1,	5.967583e-01
1,	5.965946e-01
1,	5.964309e-01
1,	5.962672e-01
1,	5.961035e-01
1,	5.959398e-01
1,	5.957760e-01
1,	5.956123e-01
1,	5.954486e-01
1,	5.952849e-01
1,	5.951212e-01
1,	5.949574e-01
1,	5.947937e-01
1,	5.946300e-01
1,	5.944663e-01
1,	5.943026e-01
1,	5.941388e-01
1,	5.939751e-01
1,	5.938114e-01
1,	5.936477e-01
1,	5.934840e-01
1,	5.933202e-01
1,	5.931565e-01
1,	5.929928e-01
1,	5.928291e-01
1,	5.926654e-01
1,	5.925016e-01
1,	5.923379e-01
1,	5.921742e-01
1,	5.920105e-01
1,	5.918468e-01
1,	5.916830e-01
1,	5.915193e-01
1,	5.913556e-01
1,	5.911919e-01
1,	5.910282e-01
1,	5.908644e-01
1,	5.907007e-01
1,	5.905370e-01
1,	5.903733e-01
1,	5.902096e-01
1,	5.900458e-01
2,	5.898821e-01
2,	5.897184e-01
2,	5.895547e-01
2,	5.893910e-01
2,	5.892272e-01
2,	5.890635e-01
2,	5.888998e-01
2,	5.887361e-01
2,	5.885724e-01
2,	5.884086e-01
2,	5.882449e-01
2,	5.880812e-01
2,	5.879175e-01
2,	5.877538e-01
2,	5.875900e-01
2,	5.874263e-01
2,	5.872626e-01
2,	5.870989e-01
2,	5.869352e-01
2,	5.867714e-01
2,	5.866077e-01
2,	5.864440e-01
2,	5.862803e-01
2,	5.861166e-01
2,	5.859528e-01
2,	5.857891e-01
2,	5.856254e-01
2,	5.854617e-01
2,	5.852980e-01
2,	5.851343e-01
2,	5.849705e-01
2,	5.848068e-01
2,	5.846431e-01
2,	5.844794e-01
2,	5.843157e-01
2,	5.841519e-01
2,	5.839882e-01
2,	5.838245e-01
2,	5.836608e-01
2,	5.834971e-01
2,	5.833333e-01
2,	5.831696e-01
2,	5.830059e-01
2,	5.828422e-01
2,	5.826785e-01
2,	5.825147e-01
2,	5.823510e-01
2,	5.821873e-01
2,	5.820236e-01
2,	5.818599e-01
2,	5.816961e-01
2,	5.815324e-01
2,	5.813687e-01
2,	5.812050e-01
2,	5.810413e-01
2,	5.808775e-01
2,	5.807138e-01
2,	5.805501e-01
2,	5.803864e-01
2,	5.802227e-01
2,	5.800589e-01
2,	5.798952e-01
2,	5.797315e-01
2,	5.795678e-01
2,	5.794041e-01
2,	5.792403e-01
2,	5.790766e-01
2,	5.789129e-01
2,	5.787492e-01
2,	5.785855e-01
2,	5.784217e-01
2,	5.782580e-01
2,	5.780943e-01
2,	5.779306e-01
2,	5.777669e-01
2,	5.776031e-01
2,	5.774394e-01
2,	5.772757e-01
2,	5.771120e-01
2,	5.769483e-01
2,	5.767845e-01
2,	5.766208e-01
2,	5.764571e-01
2,	5.762934e-01
2,	5.761297e-01
2,	5.759659e-01
2,	5.758022e-01
2,	5.756385e-01
2,	5.754748e-01
2,	5.753111e-01
2,	5.751473e-01
2,	5.749836e-01
2,	5.748199e-01
2,	5.746562e-01
2,	5.744925e-01
2,	5.743287e-01
2,	5.741650e-01
2,	5.740013e-01
2,	5.738376e-01
2,	5.736739e-01
2,	5.735102e-01
2,	5.733464e-01
2,	5.731827e-01
2,	5.730190e-01
2,	5.728553e-01
2,	5.726916e-01
2,	5.725278e-01
2,	5.723641e-01
2,	5.722004e-01
2,	5.720367e-01
2,	5.718730e-01
2,	5.717092e-01
2,	5.715455e-01
2,	5.713818e-01
2,	5.712181e-01
2,	5.710544e-01
2,	5.708906e-01
2,	5.707269e-01
2,	5.705632e-01
2,	5.703995e-01
2,	5.702358e-01
2,	5.700720e-01
2,	5.699083e-01
2,	5.697446e-01
2,	5.695809e-01
2,	5.694172e-01
2,	5.692534e-01
2,	5.690897e-01
2,	5.689260e-01
2,	5.687623e-01
2,	5.685986e-01
2,	5.684348e-01
2,	5.682711e-01
2,	5.681074e-01
2,	5.679437e-01
2,	5.677800e-01
2,	5.676162e-01
2,	5.674525e-01
2,	5.672888e-01
2,	5.671251e-01
2,	5.669614e-01
2,	5.667976e-01
2,	5.666339e-01
2,	5.664702e-01
2,	5.663065e-01
2,	5.661428e-01
2,	5.659790e-01
2,	5.658153e-01
2,	5.656516e-01
2,	5.654879e-01
2,	5.653242e-01
2,	5.651604e-01
2,	5.649967e-01
2,	5.648330e-01
2,	5.646693e-01
2,	5.645056e-01
2,	5.643418e-01
2,	5.641781e-01
2,	5.640144e-01
2,	5.638507e-01
2,	5.636870e-01
2,	5.635232e-01
2,	5.633595e-01
2,	5.631958e-01
2,	5.630321e-01
2,	5.628684e-01
2,	5.627046e-01
2,	5.625409e-01
2,	5.623772e-01
2,	5.622135e-01
2,	5.620498e-01
2,	5.618861e-01
2,	5.617223e-01
2,	5.615586e-01
2,	5.613949e-01
2,	5.612312e-01
2,	5.610675e-01
2,	5.609037e-01
2,	5.607400e-01
2,	5.605763e-01
2,	5.604126e-01
2,	5.602489e-01
2,	5.600851e-01
2,	5.599214e-01
2,	5.597577e-01
2,	5.595940e-01
2,	5.594303e-01
2,	5.592665e-01
2,	5.591028e-01
2,	5.589391e-01
2,	5.587754e-01
2,	5.586117e-01
2,	5.584479e-01
2,	5.582842e-01
2,	5.581205e-01
2,	5.579568e-01
2,	5.577931e-01
2,	5.576293e-01
2,	5.574656e-01
2,	5.573019e-01
2,	5.571382e-01
2,	5.569745e-01
2,	5.568107e-01
2,	5.566470e-01
2,	5.564833e-01
2,	5.563196e-01
2,	5.561559e-01
2,	5.559921e-01
2,	5.558284e-01
2,	5.556647e-01
2,	5.555010e-01
2,	5.553373e-01
2,	5.551735e-01
2,	5.550098e-01
2,	5.548461e-01
2,	5.546824e-01
2,	5.545187e-01
2,	5.543549e-01
2,	5.541912e-01
2,	5.540275e-01
2,	5.538638e-01
2,	5.537001e-01
2,	5.535363e-01
2,	5.533726e-01
2,	5.532089e-01
2,	5.530452e-01
2,	5.528815e-01
2,	5.527177e-01
2,	5.525540e-01
2,	5.523903e-01
2,	5.522266e-01
2,	5.520629e-01
2,	5.518991e-01
2,	5.517354e-01
2,	5.515717e-01
2,	5.514080e-01
2,	5.512443e-01
2,	5.510806e-01
2,	5.509168e-01
2,	5.507531e-01
2,	5.505894e-01
2,	5.504257e-01
2,	5.502620e-01
2,	5.500982e-01
2,	5.499345e-01
2,	5.497708e-01
2,	5.496071e-01
2,	5.494434e-01
2,	5.492796e-01
2,	5.491159e-01
2,	5.489522e-01
2,	5.487885e-01
2,	5.486248e-01
2,	5.484610e-01
2,	5.482973e-01
2,	5.481336e-01
2,	5.479699e-01
2,	5.478062e-01
2,	5.476424e-01
2,	5.474787e-01
2,	5.473150e-01
2,	5.471513e-01
2,	5.469876e-01
2,	5.468238e-01
2,	5.466601e-01
2,	5.464964e-01
2,	5.463327e-01
2,	5.461690e-01
2,	5.460052e-01
2,	5.458415e-01
2,	5.456778e-01
2,	5.455141e-01
2,	5.453504e-01
2,	5.451866e-01
2,	5.450229e-01
2,	5.448592e-01
2,	5.446955e-01
2,	5.445318e-01
2,	5.443680e-01
2,	5.442043e-01
2,	5.440406e-01
2,	5.438769e-01
2,	5.437132e-01
2,	5.435494e-01
2,	5.433857e-01
2,	5.432220e-01
2,	5.430583e-01
2,	5.428946e-01
2,	5.427308e-01
2,	5.425671e-01
2,	5.424034e-01
2,	5.422397e-01
2,	5.420760e-01
2,	5.419122e-01
2,	5.417485e-01
2,	5.415848e-01
2,	5.414211e-01
2,	5.412574e-01
2,	5.410936e-01
2,	5.409299e-01
2,	5.407662e-01
2,	5.406025e-01
2,	5.404388e-01
2,	5.402750e-01
2,	5.401113e-01
2,	5.399476e-01
2,	5.397839e-01
2,	5.396202e-01
2,	5.394565e-01
2,	5.392927e-01
2,	5.391290e-01
2,	5.389653e-01
2,	5.388016e-01
2,	5.386379e-01
2,	5.384741e-01
2,	5.383104e-01
2,	5.381467e-01
2,	5.379830e-01
2,	5.378193e-01
2,	5.376555e-01
2,	5.374918e-01
2,	5.373281e-01
2,	5.371644e-01
2,	5.370007e-01
2,	5.368369e-01
2,	5.366732e-01
2,	5.365095e-01
2,	5.363458e-01
2,	5.361821e-01
2,	5.360183e-01
2,	5.358546e-01
2,	5.356909e-01
2,	5.355272e-01
2,	5.353635e-01
2,	5.351997e-01
2,	5.350360e-01
2,	5.348723e-01
2,	5.347086e-01
2,	5.345449e-01
2,	5.343811e-01
2,	5.342174e-01
2,	5.340537e-01
2,	5.338900e-01
2,	5.337263e-01
2,	5.335625e-01
2,	5.333988e-01
2,	5.332351e-01
2,	5.330714e-01
2,	5.329077e-01
2,	5.327439e-01
2,	5.325802e-01
2,	5.324165e-01
2,	5.322528e-01
2,	5.320891e-01
2,	5.319253e-01
2,	5.317616e-01
2,	5.315979e-01
2,	5.314342e-01
2,	5.312705e-01
2,	5.311067e-01
2,	5.309430e-01
2,	5.307793e-01
2,	5.306156e-01
2,	5.304519e-01
2,	5.302881e-01
2,	5.301244e-01
2,	5.299607e-01
2,	5.297970e-01
2,	5.296333e-01
2,	5.294695e-01
2,	5.293058e-01
2,	5.291421e-01
2,	5.289784e-01
2,	5.288147e-01
2,	5.286509e-01
2,	5.284872e-01
2,	5.283235e-01
2,	5.281598e-01
2,	5.279961e-01
2,	5.278324e-01
2,	5.276686e-01
2,	5.275049e-01
2,	5.273412e-01
2,	5.271775e-01
2,	5.270138e-01
2,	5.268500e-01
2,	5.266863e-01
2,	5.265226e-01
2,	5.263589e-01
2,	5.261952e-01
2,	5.260314e-01
2,	5.258677e-01
2,	5.257040e-01
2,	5.255403e-01
2,	5.253766e-01
2,	5.252128e-01
2,	5.250491e-01
2,	5.248854e-01
2,	5.247217e-01
2,	5.245580e-01
2,	5.243942e-01
2,	5.242305e-01
2,	5.240668e-01
2,	5.239031e-01
2,	5.237394e-01
2,	5.235756e-01
2,	5.234119e-01
2,	5.232482e-01
2,	5.230845e-01
2,	5.229208e-01
2,	5.227570e-01
2,	5.225933e-01
2,	5.224296e-01
2,	5.222659e-01
2,	5.221022e-01
2,	5.219384e-01
2,	5.217747e-01
2,	5.216110e-01
2,	5.214473e-01
2,	5.212836e-01
2,	5.211198e-01
2,	5.209561e-01
2,	5.207924e-01
2,	5.206287e-01
2,	5.204650e-01
2,	5.203012e-01
2,	5.201375e-01
2,	5.199738e-01
2,	5.198101e-01
2,	5.196464e-01
2,	5.194826e-01
2,	5.193189e-01
2,	5.191552e-01
2,	5.189915e-01
2,	5.188278e-01
2,	5.186640e-01
2,	5.185003e-01
2,	5.183366e-01
2,	5.181729e-01
2,	5.180092e-01
2,	5.178454e-01
2,	5.176817e-01
2,	5.175180e-01
2,	5.173543e-01
2,	5.171906e-01
2,	5.170269e-01
2,	5.168631e-01
2,	5.166994e-01
2,	5.165357e-01
2,	5.163720e-01
2,	5.162083e-01
2,	5.160445e-01
2,	5.158808e-01
2,	5.157171e-01
2,	5.155534e-01
2,	5.153897e-01
2,	5.152259e-01
2,	5.150622e-01
2,	5.148985e-01
2,	5.147348e-01
2,	5.145711e-01
2,	5.144073e-01
2,	5.142436e-01
2,	5.140799e-01
2,	5.139162e-01
2,	5.137525e-01
2,	5.135887e-01
2,	5.134250e-01
2,	5.132613e-01
2,	5.130976e-01
2,	5.129339e-01
2,	5.127701e-01
2,	5.126064e-01
2,	5.124427e-01
2,	5.122790e-01
2,	5.121153e-01
2,	5.119515e-01
2,	5.117878e-01
2,	5.116241e-01
2,	5.114604e-01
2,	5.112967e-01
2,	5.111329e-01
2,	5.109692e-01
2,	5.108055e-01
2,	5.106418e-01
2,	5.104781e-01
2,	5.103143e-01
2,	5.101506e-01
2,	5.099869e-01
2,	5.098232e-01
2,	5.096595e-01
2,	5.094957e-01
2,	5.093320e-01
2,	5.091683e-01
2,	5.090046e-01
2,	5.088409e-01
2,	5.086771e-01
2,	5.085134e-01
2,	5.083497e-01
2,	5.081860e-01
2,	5.080223e-01
2,	5.078585e-01
2,	5.076948e-01
2,	5.075311e-01
2,	5.073674e-01
2,	5.072037e-01
2,	5.070399e-01
2,	5.068762e-01
2,	5.067125e-01
2,	5.065488e-01
2,	5.063851e-01
2,	5.062213e-01
2,	5.060576e-01
2,	5.058939e-01
2,	5.057302e-01
2,	5.055665e-01
2,	5.054028e-01
2,	5.052390e-01
2,	5.050753e-01
2,	5.049116e-01
2,	5.047479e-01
2,	5.045842e-01
2,	5.044204e-01
2,	5.042567e-01
2,	5.040930e-01
2,	5.039293e-01
2,	5.037656e-01
2,	5.036018e-01
2,	5.034381e-01
2,	5.032744e-01
2,	5.031107e-01
2,	5.029470e-01
2,	5.027832e-01
2,	5.026195e-01
2,	5.024558e-01
2,	5.022921e-01
2,	5.021284e-01
2,	5.019646e-01
2,	5.018009e-01
2,	5.016372e-01
2,	5.014735e-01
2,	5.013098e-01
2,	5.011460e-01
2,	5.009823e-01
2,	5.008186e-01
2,	5.006549e-01
2,	5.004912e-01
2,	5.003274e-01
2,	5.001637e-01
2,	5.000000e-01
2,	4.998363e-01
2,	4.996726e-01
2,	4.995088e-01
2,	4.993451e-01
2,	4.991814e-01
2,	4.990177e-01
2,	4.988540e-01
2,	4.986902e-01
2,	4.985265e-01
2,	4.983628e-01
2,	4.981991e-01
2,	4.980354e-01
2,	4.978716e-01
2,	4.977079e-01
2,	4.975442e-01
2,	4.973805e-01
2,	4.972168e-01
2,	4.970530e-01
2,	4.968893e-01
2,	4.967256e-01
2,	4.965619e-01
2,	4.963982e-01
2,	4.962344e-01
2,	4.960707e-01
2,	4.959070e-01
2,	4.957433e-01
2,	4.955796e-01
2,	4.954158e-01
2,	4.952521e-01
2,	4.950884e-01
2,	4.949247e-01
2,	4.947610e-01
2,	4.945972e-01
2,	4.944335e-01
2,	4.942698e-01
2,	4.941061e-01
2,	4.939424e-01
2,	4.937787e-01
2,	4.936149e-01
2,	4.934512e-01
2,	4.932875e-01
2,	4.931238e-01
2,	4.929601e-01
2,	4.927963e-01
2,	4.926326e-01
2,	4.924689e-01
2,	4.923052e-01
2,	4.921415e-01
2,	4.919777e-01
2,	4.918140e-01
2,	4.916503e-01
2,	4.914866e-01
2,	4.913229e-01
2,	4.911591e-01
2,	4.909954e-01
2,	4.908317e-01
2,	4.906680e-01
2,	4.905043e-01
2,	4.903405e-01
2,	4.901768e-01
2,	4.900131e-01
2,	4.898494e-01
2,	4.896857e-01
2,	4.895219e-01
2,	4.893582e-01
2,	4.891945e-01
2,	4.890308e-01
2,	4.888671e-01
2,	4.887033e-01
2,	4.885396e-01
2,	4.883759e-01
2,	4.882122e-01
2,	4.880485e-01
2,	4.878847e-01
2,	4.877210e-01
2,	4.875573e-01
2,	4.873936e-01
2,	4.872299e-01
2,	4.870661e-01
2,	4.869024e-01
2,	4.867387e-01
2,	4.865750e-01
2,	4.864113e-01
2,	4.862475e-01
2,	4.860838e-01
2,	4.859201e-01
2,	4.857564e-01
2,	4.855927e-01
2,	4.854289e-01
2,	4.852652e-01
2,	4.851015e-01
2,	4.849378e-01
2,	4.847741e-01
2,	4.846103e-01
2,	4.844466e-01
2,	4.842829e-01
2,	4.841192e-01
2,	4.839555e-01
2,	4.837917e-01
2,	4.836280e-01
2,	4.834643e-01
2,	4.833006e-01
2,	4.831369e-01
2,	4.829731e-01
2,	4.828094e-01
2,	4.826457e-01
2,	4.824820e-01
2,	4.823183e-01
2,	4.821546e-01
2,	4.819908e-01
2,	4.818271e-01
2,	4.816634e-01
2,	4.814997e-01
2,	4.813360e-01
2,	4.811722e-01
2,	4.810085e-01
2,	4.808448e-01
2,	4.806811e-01
2,	4.805174e-01
2,	4.803536e-01
2,	4.801899e-01
2,	4.800262e-01
2,	4.798625e-01
2,	4.796988e-01
2,	4.795350e-01
2,	4.793713e-01
2,	4.792076e-01
2,	4.790439e-01
2,	4.788802e-01
2,	4.787164e-01
2,	4.785527e-01
2,	4.783890e-01
2,	4.782253e-01
2,	4.780616e-01
2,	4.778978e-01
2,	4.777341e-01
2,	4.775704e-01
2,	4.774067e-01
2,	4.772430e-01
2,	4.770792e-01
2,	4.769155e-01
2,	4.767518e-01
2,	4.765881e-01
2,	4.764244e-01
2,	4.762606e-01
2,	4.760969e-01
2,	4.759332e-01
2,	4.757695e-01
2,	4.756058e-01
2,	4.754420e-01
2,	4.752783e-01
2,	4.751146e-01
2,	4.749509e-01
2,	4.747872e-01
2,	4.746234e-01
2,	4.744597e-01
2,	4.742960e-01
2,	4.741323e-01
2,	4.739686e-01
2,	4.738048e-01
2,	4.736411e-01
2,	4.734774e-01
2,	4.733137e-01
2,	4.731500e-01
2,	4.729862e-01
2,	4.728225e-01
2,	4.726588e-01
2,	4.724951e-01
2,	4.723314e-01
2,	4.721676e-01
2,	4.720039e-01
2,	4.718402e-01
2,	4.716765e-01
2,	4.715128e-01
2,	4.713491e-01
2,	4.711853e-01
2,	4.710216e-01
2,	4.708579e-01
2,	4.706942e-01
2,	4.705305e-01
2,	4.703667e-01
2,	4.702030e-01
2,	4.700393e-01
2,	4.698756e-01
2,	4.697119e-01
2,	4.695481e-01
2,	4.693844e-01
2,	4.692207e-01
2,	4.690570e-01
2,	4.688933e-01
2,	4.687295e-01
2,	4.685658e-01
2,	4.684021e-01
2,	4.682384e-01
2,	4.680747e-01
2,	4.679109e-01
2,	4.677472e-01
2,	4.675835e-01
2,	4.674198e-01
2,	4.672561e-01
2,	4.670923e-01
2,	4.669286e-01
2,	4.667649e-01
2,	4.666012e-01
2,	4.664375e-01
2,	4.662737e-01
2,	4.661100e-01
2,	4.659463e-01
2,	4.657826e-01
2,	4.656189e-01
2,	4.654551e-01
2,	4.652914e-01
2,	4.651277e-01
2,	4.649640e-01
2,	4.648003e-01
2,	4.646365e-01
2,	4.644728e-01
2,	4.643091e-01
2,	4.641454e-01
2,	4.639817e-01
2,	4.638179e-01
2,	4.636542e-01
2,	4.634905e-01
2,	4.633268e-01
2,	4.631631e-01
2,	4.629993e-01
2,	4.628356e-01
2,	4.626719e-01
2,	4.625082e-01
2,	4.623445e-01
2,	4.621807e-01
2,	4.620170e-01
2,	4.618533e-01
2,	4.616896e-01
2,	4.615259e-01
2,	4.613621e-01
2,	4.611984e-01
2,	4.610347e-01
2,	4.608710e-01
2,	4.607073e-01
2,	4.605435e-01
2,	4.603798e-01
2,	4.602161e-01
2,	4.600524e-01
2,	4.598887e-01
2,	4.597250e-01
2,	4.595612e-01
2,	4.593975e-01
2,	4.592338e-01
2,	4.590701e-01
2,	4.589064e-01
2,	4.587426e-01
2,	4.585789e-01
2,	4.584152e-01
2,	4.582515e-01
2,	4.580878e-01
2,	4.579240e-01
2,	4.577603e-01
2,	4.575966e-01
2,	4.574329e-01
2,	4.572692e-01
2,	4.571054e-01
2,	4.569417e-01
2,	4.567780e-01
2,	4.566143e-01
2,	4.564506e-01
2,	4.562868e-01
2,	4.561231e-01
2,	4.559594e-01
2,	4.557957e-01
2,	4.556320e-01
2,	4.554682e-01
2,	4.553045e-01
2,	4.551408e-01
2,	4.549771e-01
2,	4.548134e-01
2,	4.546496e-01
2,	4.544859e-01
2,	4.543222e-01
2,	4.541585e-01
2,	4.539948e-01
2,	4.538310e-01
2,	4.536673e-01
2,	4.535036e-01
2,	4.533399e-01
2,	4.531762e-01
2,	4.530124e-01
2,	4.528487e-01
2,	4.526850e-01
2,	4.525213e-01
2,	4.523576e-01
2,	4.521938e-01
2,	4.520301e-01
2,	4.518664e-01
2,	4.517027e-01
2,	4.515390e-01
2,	4.513752e-01
2,	4.512115e-01
2,	4.510478e-01
2,	4.508841e-01
2,	4.507204e-01
2,	4.505566e-01
2,	4.503929e-01
2,	4.502292e-01
2,	4.500655e-01
2,	4.499018e-01
2,	4.497380e-01
2,	4.495743e-01
2,	4.494106e-01
2,	4.492469e-01
2,	4.490832e-01
2,	4.489194e-01
2,	4.487557e-01
2,	4.485920e-01
2,	4.484283e-01
2,	4.482646e-01
2,	4.481009e-01
2,	4.479371e-01
2,	4.477734e-01
2,	4.476097e-01
2,	4.474460e-01
2,	4.472823e-01
2,	4.471185e-01
2,	4.469548e-01
2,	4.467911e-01
2,	4.466274e-01
2,	4.464637e-01
2,	4.462999e-01
2,	4.461362e-01
2,	4.459725e-01
2,	4.458088e-01
2,	4.456451e-01
2,	4.454813e-01
2,	4.453176e-01
2,	4.451539e-01
2,	4.449902e-01
2,	4.448265e-01
2,	4.446627e-01
2,	4.444990e-01
2,	4.443353e-01
2,	4.441716e-01
2,	4.440079e-01
2,	4.438441e-01
2,	4.436804e-01
2,	4.435167e-01
2,	4.433530e-01
2,	4.431893e-01
2,	4.430255e-01
2,	4.428618e-01
2,	4.426981e-01
2,	4.425344e-01
2,	4.423707e-01
2,	4.422069e-01
2,	4.420432e-01
2,	4.418795e-01
2,	4.417158e-01
2,	4.415521e-01
2,	4.413883e-01
2,	4.412246e-01
2,	4.410609e-01
2,	4.408972e-01
2,	4.407335e-01
2,	4.405697e-01
2,	4.404060e-01
2,	4.402423e-01
2,	4.400786e-01
2,	4.399149e-01
2,	4.397511e-01
2,	4.395874e-01
2,	4.394237e-01
2,	4.392600e-01
2,	4.390963e-01
2,	4.389325e-01
2,	4.387688e-01
2,	4.386051e-01
2,	4.384414e-01
2,	4.382777e-01
2,	4.381139e-01
2,	4.379502e-01
2,	4.377865e-01
2,	4.376228e-01
2,	4.374591e-01
2,	4.372954e-01
2,	4.371316e-01
2,	4.369679e-01
2,	4.368042e-01
2,	4.366405e-01
2,	4.364768e-01
2,	4.363130e-01
2,	4.361493e-01
2,	4.359856e-01
2,	4.358219e-01
2,	4.356582e-01
2,	4.354944e-01
2,	4.353307e-01
2,	4.351670e-01
2,	4.350033e-01
2,	4.348396e-01
2,	4.346758e-01
2,	4.345121e-01
2,	4.343484e-01
2,	4.341847e-01
2,	4.340210e-01
2,	4.338572e-01
2,	4.336935e-01
2,	4.335298e-01
2,	4.333661e-01
2,	4.332024e-01
2,	4.330386e-01
2,	4.328749e-01
2,	4.327112e-01
2,	4.325475e-01
2,	4.323838e-01
2,	4.322200e-01
2,	4.320563e-01
2,	4.318926e-01
2,	4.317289e-01
2,	4.315652e-01
2,	4.314014e-01
2,	4.312377e-01
2,	4.310740e-01
2,	4.309103e-01
2,	4.307466e-01
2,	4.305828e-01
2,	4.304191e-01
2,	4.302554e-01
2,	4.300917e-01
2,	4.299280e-01
2,	4.297642e-01
2,	4.296005e-01
2,	4.294368e-01
2,	4.292731e-01
2,	4.291094e-01
2,	4.289456e-01
2,	4.287819e-01
2,	4.286182e-01
2,	4.284545e-01
2,	4.282908e-01
2,	4.281270e-01
2,	4.279633e-01
2,	4.277996e-01
2,	4.276359e-01
2,	4.274722e-01
2,	4.273084e-01
2,	4.271447e-01
2,	4.269810e-01
2,	4.268173e-01
2,	4.266536e-01
2,	4.264898e-01
2,	4.263261e-01
2,	4.261624e-01
2,	4.259987e-01
2,	4.258350e-01
2,	4.256713e-01
2,	4.255075e-01
2,	4.253438e-01
2,	4.251801e-01
2,	4.250164e-01
2,	4.248527e-01
2,	4.246889e-01
2,	4.245252e-01
2,	4.243615e-01
2,	4.241978e-01
2,	4.240341e-01
2,	4.238703e-01
2,	4.237066e-01
2,	4.235429e-01
2,	4.233792e-01
2,	4.232155e-01
2,	4.230517e-01
2,	4.228880e-01
2,	4.227243e-01
2,	4.225606e-01
2,	4.223969e-01
2,	4.222331e-01
2,	4.220694e-01
2,	4.219057e-01
2,	4.217420e-01
2,	4.215783e-01
2,	4.214145e-01
2,	4.212508e-01
2,	4.210871e-01
2,	4.209234e-01
2,	4.207597e-01
2,	4.205959e-01
2,	4.204322e-01
2,	4.202685e-01
2,	4.201048e-01
2,	4.199411e-01
2,	4.197773e-01
2,	4.196136e-01
2,	4.194499e-01
2,	4.192862e-01
2,	4.191225e-01
2,	4.189587e-01
2,	4.187950e-01
2,	4.186313e-01
2,	4.184676e-01
2,	4.183039e-01
2,	4.181401e-01
2,	4.179764e-01
2,	4.178127e-01
2,	4.176490e-01
2,	4.174853e-01
2,	4.173215e-01
2,	4.171578e-01
2,	4.169941e-01
2,	4.168304e-01
2,	4.166667e-01
2,	4.165029e-01
2,	4.163392e-01
2,	4.161755e-01
2,	4.160118e-01
2,	4.158481e-01
2,	4.156843e-01
2,	4.155206e-01
2,	4.153569e-01
2,	4.151932e-01
2,	4.150295e-01
2,	4.148657e-01
2,	4.147020e-01
2,	4.145383e-01
2,	4.143746e-01
2,	4.142109e-01
2,	4.140472e-01
2,	4.138834e-01
2,	4.137197e-01
2,	4.135560e-01
2,	4.133923e-01
2,	4.132286e-01
2,	4.130648e-01
2,	4.129011e-01
2,	4.127374e-01
2,	4.125737e-01
2,	4.124100e-01
2,	4.122462e-01
2,	4.120825e-01
2,	4.119188e-01
2,	4.117551e-01
2,	4.115914e-01
2,	4.114276e-01
2,	4.112639e-01
2,	4.111002e-01
2,	4.109365e-01
2,	4.107728e-01
2,	4.106090e-01
2,	4.104453e-01
2,	4.102816e-01
2,	4.101179e-01
2,	4.099542e-01
2,	4.097904e-01
2,	4.096267e-01
2,	4.094630e-01
2,	4.092993e-01
2,	4.091356e-01
2,	4.089718e-01
2,	4.088081e-01
2,	4.086444e-01
2,	4.084807e-01
2,	4.083170e-01
2,	4.081532e-01
2,	4.079895e-01
2,	4.078258e-01
2,	4.076621e-01
2,	4.074984e-01
2,	4.073346e-01
2,	4.071709e-01
2,	4.070072e-01
2,	4.068435e-01
2,	4.066798e-01
2,	4.065160e-01
2,	4.063523e-01
2,	4.061886e-01
2,	4.060249e-01
2,	4.058612e-01
2,	4.056974e-01
2,	4.055337e-01
2,	4.053700e-01
2,	4.052063e-01
2,	4.050426e-01
2,	4.048788e-01
2,	4.047151e-01
2,	4.045514e-01
2,	4.043877e-01
2,	4.042240e-01
2,	4.040602e-01
2,	4.038965e-01
2,	4.037328e-01
2,	4.035691e-01
2,	4.034054e-01
2,	4.032417e-01
2,	4.030779e-01
2,	4.029142e-01
2,	4.027505e-01
2,	4.025868e-01
2,	4.024231e-01
2,	4.022593e-01
2,	4.020956e-01
2,	4.019319e-01
2,	4.017682e-01
2,	4.016045e-01
2,	4.014407e-01
2,	4.012770e-01
2,	4.011133e-01
2,	4.009496e-01
2,	4.007859e-01
2,	4.006221e-01
2,	4.004584e-01
2,	4.002947e-01
2,	4.001310e-01
2,	3.999673e-01
2,	3.998035e-01
2,	3.996398e-01
2,	3.994761e-01
2,	3.993124e-01
2,	3.991487e-01
2,	3.989849e-01
2,	3.988212e-01
2,	3.986575e-01
2,	3.984938e-01
2,	3.983301e-01
2,	3.981663e-01
2,	3.980026e-01
2,	3.978389e-01
2,	3.976752e-01
2,	3.975115e-01
2,	3.973477e-01
2,	3.971840e-01
2,	3.970203e-01
2,	3.968566e-01
2,	3.966929e-01
2,	3.965291e-01
2,	3.963654e-01
2,	3.962017e-01
2,	3.960380e-01
2,	3.958743e-01
2,	3.957105e-01
2,	3.955468e-01
2,	3.953831e-01
2,	3.952194e-01
2,	3.950557e-01
2,	3.948919e-01
2,	3.947282e-01
2,	3.945645e-01
2,	3.944008e-01
2,	3.942371e-01
2,	3.940733e-01
2,	3.939096e-01
2,	3.937459e-01
2,	3.935822e-01
2,	3.934185e-01
2,	3.932547e-01
2,	3.930910e-01
2,	3.929273e-01
2,	3.927636e-01
2,	3.925999e-01
2,	3.924361e-01
2,	3.922724e-01
2,	3.921087e-01
2,	3.919450e-01
2,	3.917813e-01
2,	3.916176e-01
2,	3.914538e-01
2,	3.912901e-01
2,	3.911264e-01
2,	3.909627e-01
2,	3.907990e-01
2,	3.906352e-01
2,	3.904715e-01
2,	3.903078e-01
2,	3.901441e-01
2,	3.899804e-01
2,	3.898166e-01
2,	3.896529e-01
2,	3.894892e-01
2,	3.893255e-01
2,	3.891618e-01
2,	3.889980e-01
2,	3.888343e-01
2,	3.886706e-01
2,	3.885069e-01
2,	3.883432e-01
2,	3.881794e-01
2,	3.880157e-01
2,	3.878520e-01
2,	3.876883e-01
2,	3.875246e-01
2,	3.873608e-01
2,	3.871971e-01
2,	3.870334e-01
2,	3.868697e-01
2,	3.867060e-01
2,	3.865422e-01
2,	3.863785e-01
2,	3.862148e-01
2,	3.860511e-01
2,	3.858874e-01
2,	3.857236e-01
2,	3.855599e-01
2,	3.853962e-01
2,	3.852325e-01
2,	3.850688e-01
2,	3.849050e-01
2,	3.847413e-01
2,	3.845776e-01
2,	3.844139e-01
2,	3.842502e-01
2,	3.840864e-01
2,	3.839227e-01
2,	3.837590e-01
2,	3.835953e-01
2,	3.834316e-01
2,	3.832678e-01
2,	3.831041e-01
2,	3.829404e-01
2,	3.827767e-01
2,	3.826130e-01
2,	3.824492e-01
2,	3.822855e-01
2,	3.821218e-01
2,	3.819581e-01
2,	3.817944e-01
2,	3.816306e-01
2,	3.814669e-01
2,	3.813032e-01
2,	3.811395e-01
2,	3.809758e-01
2,	3.808120e-01
2,	3.806483e-01
2,	3.804846e-01
2,	3.803209e-01
2,	3.801572e-01
2,	3.799935e-01
2,	3.798297e-01
2,	3.796660e-01
2,	3.795023e-01
2,	3.793386e-01
2,	3.791749e-01
2,	3.790111e-01
2,	3.788474e-01
2,	3.786837e-01
2,	3.785200e-01
2,	3.783563e-01
2,	3.781925e-01
2,	3.780288e-01
2,	3.778651e-01
2,	3.777014e-01
2,	3.775377e-01
2,	3.773739e-01
2,	3.772102e-01
2,	3.770465e-01
2,	3.768828e-01
2,	3.767191e-01
2,	3.765553e-01
2,	3.763916e-01
2,	3.762279e-01
2,	3.760642e-01
2,	3.759005e-01
2,	3.757367e-01
2,	3.755730e-01
2,	3.754093e-01
2,	3.752456e-01
2,	3.750819e-01
2,	3.749181e-01
2,	3.747544e-01
2,	3.745907e-01
2,	3.744270e-01
2,	3.742633e-01
2,	3.740995e-01
2,	3.739358e-01
2,	3.737721e-01
2,	3.736084e-01
2,	3.734447e-01
2,	3.732809e-01
2,	3.731172e-01
2,	3.729535e-01
2,	3.727898e-01
2,	3.726261e-01
2,	3.724623e-01
2,	3.722986e-01
2,	3.721349e-01
2,	3.719712e-01
2,	3.718075e-01
2,	3.716437e-01
2,	3.714800e-01
2,	3.713163e-01
2,	3.711526e-01
2,	3.709889e-01
2,	3.708251e-01
2,	3.706614e-01
2,	3.704977e-01
2,	3.703340e-01
2,	3.701703e-01
2,	3.700065e-01
2,	3.698428e-01
2,	3.696791e-01
2,	3.695154e-01
2,	3.693517e-01
2,	3.691880e-01
2,	3.690242e-01
2,	3.688605e-01
2,	3.686968e-01
2,	3.685331e-01
2,	3.683694e-01
2,	3.682056e-01
2,	3.680419e-01
2,	3.678782e-01
2,	3.677145e-01
2,	3.675508e-01
2,	3.673870e-01
2,	3.672233e-01
2,	3.670596e-01
2,	3.668959e-01
2,	3.667322e-01
2,	3.665684e-01
2,	3.664047e-01
2,	3.662410e-01
2,	3.660773e-01
2,	3.659136e-01
2,	3.657498e-01
2,	3.655861e-01
2,	3.654224e-01
2,	3.652587e-01
2,	3.650950e-01
2,	3.649312e-01
2,	3.647675e-01
2,	3.646038e-01
2,	3.644401e-01
2,	3.642764e-01
2,	3.641126e-01
2,	3.639489e-01
2,	3.637852e-01
2,	3.636215e-01
2,	3.634578e-01
2,	3.632940e-01
2,	3.631303e-01
2,	3.629666e-01
2,	3.628029e-01
2,	3.626392e-01
2,	3.624754e-01
2,	3.623117e-01
2,	3.621480e-01
2,	3.619843e-01
2,	3.618206e-01
2,	3.616568e-01
2,	3.614931e-01
2,	3.613294e-01
2,	3.611657e-01
2,	3.610020e-01
2,	3.608382e-01
2,	3.606745e-01
2,	3.605108e-01
2,	3.603471e-01
2,	3.601834e-01
2,	3.600196e-01
2,	3.598559e-01
2,	3.596922e-01
2,	3.595285e-01
2,	3.593648e-01
3,	3.592010e-01
3,	3.590373e-01
3,	3.588736e-01
3,	3.587099e-01
3,	3.585462e-01
3,	3.583824e-01
3,	3.582187e-01
3,	3.580550e-01
3,	3.578913e-01
3,	3.577276e-01
3,	3.575639e-01
3,	3.574001e-01
3,	3.572364e-01
3,	3.570727e-01
3,	3.569090e-01
3,	3.567453e-01
3,	3.565815e-01
3,	3.564178e-01
3,	3.562541e-01
3,	3.560904e-01
3,	3.559267e-01
3,	3.557629e-01
3,	3.555992e-01
3,	3.554355e-01
3,	3.552718e-01
3,	3.551081e-01
3,	3.549443e-01
3,	3.547806e-01
3,	3.546169e-01
3,	3.544532e-01
3,	3.542895e-01
3,	3.541257e-01
3,	3.539620e-01
3,	3.537983e-01
3,	3.536346e-01
3,	3.534709e-01
3,	3.533071e-01
3,	3.531434e-01
3,	3.529797e-01
3,	3.528160e-01
3,	3.526523e-01
3,	3.524885e-01
3,	3.523248e-01
3,	3.521611e-01
3,	3.519974e-01
3,	3.518337e-01
3,	3.516699e-01
3,	3.515062e-01
3,	3.513425e-01
3,	3.511788e-01
3,	3.510151e-01
3,	3.508513e-01
3,	3.506876e-01
3,	3.505239e-01
3,	3.503602e-01
3,	3.501965e-01
3,	3.500327e-01
3,	3.498690e-01
3,	3.497053e-01
3,	3.495416e-01
3,	3.493779e-01
3,	3.492141e-01
3,	3.490504e-01
3,	3.488867e-01
3,	3.487230e-01
3,	3.485593e-01
3,	3.483955e-01
3,	3.482318e-01
3,	3.480681e-01
3,	3.479044e-01
3,	3.477407e-01
3,	3.475769e-01
3,	3.474132e-01
3,	3.472495e-01
3,	3.470858e-01
3,	3.469221e-01
3,	3.467583e-01
3,	3.465946e-01
3,	3.464309e-01
3,	3.462672e-01
3,	3.461035e-01
3,	3.459398e-01
3,	3.457760e-01
3,	3.456123e-01
3,	3.454486e-01
3,	3.452849e-01
3,	3.451212e-01
3,	3.449574e-01
3,	3.447937e-01
3,	3.446300e-01
3,	3.444663e-01
3,	3.443026e-01
3,	3.441388e-01
3,	3.439751e-01
3,	3.438114e-01
3,	3.436477e-01
3,	3.434840e-01
3,	3.433202e-01
3,	3.431565e-01
3,	3.429928e-01
3,	3.428291e-01
3,	3.426654e-01
3,	3.425016e-01
3,	3.423379e-01
3,	3.421742e-01
3,	3.420105e-01
3,	3.418468e-01
3,	3.416830e-01
3,	3.415193e-01
3,	3.413556e-01
3,	3.411919e-01
3,	3.410282e-01
3,	3.408644e-01
3,	3.407007e-01
3,	3.405370e-01
3,	3.403733e-01
3,	3.402096e-01
3,	3.400458e-01
3,	3.398821e-01
3,	3.397184e-01
3,	3.395547e-01
3,	3.393910e-01
3,	3.392272e-01
3,	3.390635e-01
3,	3.388998e-01
3,	3.387361e-01
3,	3.385724e-01
3,	3.384086e-01
3,	3.382449e-01
3,	3.380812e-01
3,	3.379175e-01
3,	3.377538e-01
3,	3.375900e-01
3,	3.374263e-01
3,	3.372626e-01
3,	3.370989e-01
3,	3.369352e-01
3,	3.367714e-01
3,	3.366077e-01
3,	3.364440e-01
3,	3.362803e-01
3,	3.361166e-01
3,	3.359528e-01
3,	3.357891e-01
3,	3.356254e-01
3,	3.354617e-01
3,	3.352980e-01
3,	3.351343e-01
3,	3.349705e-01
3,	3.348068e-01
3,	3.346431e-01
3,	3.344794e-01
3,	3.343157e-01
3,	3.341519e-01
3,	3.339882e-01
3,	3.338245e-01
3,	3.336608e-01
3,	3.334971e-01
3,	3.333333e-01
3,	3.331696e-01
3,	3.330059e-01
3,	3.328422e-01
3,	3.326785e-01
3,	3.325147e-01
3,	3.323510e-01
3,	3.321873e-01
3,	3.320236e-01
3,	3.318599e-01
3,	3.316961e-01
3,	3.315324e-01
3,	3.313687e-01
3,	3.312050e-01
3,	3.310413e-01
3,	3.308775e-01
3,	3.307138e-01
3,	3.305501e-01
3,	3.303864e-01
3,	3.302227e-01
3,	3.300589e-01
3,	3.298952e-01
3,	3.297315e-01
3,	3.295678e-01
3,	3.294041e-01
3,	3.292403e-01
3,	3.290766e-01
3,	3.289129e-01
3,	3.287492e-01
3,	3.285855e-01
3,	3.284217e-01
3,	3.282580e-01
3,	3.280943e-01
3,	3.279306e-01
3,	3.277669e-01
3,	3.276031e-01
3,	3.274394e-01
3,	3.272757e-01
3,	3.271120e-01
3,	3.269483e-01
3,	3.267845e-01
3,	3.266208e-01
3,	3.264571e-01
3,	3.262934e-01
3,	3.261297e-01
3,	3.259659e-01
3,	3.258022e-01
3,	3.256385e-01
3,	3.254748e-01
3,	3.253111e-01
3,	3.251473e-01
3,	3.249836e-01
3,	3.248199e-01
3,	3.246562e-01
3,	3.244925e-01
3,	3.243287e-01
3,	3.241650e-01
3,	3.240013e-01
3,	3.238376e-01
4,	3.236739e-01
4,	3.235102e-01
4,	3.233464e-01
4,	3.231827e-01
4,	3.230190e-01
4,	3.228553e-01
4,	3.226916e-01
4,	3.225278e-01
4,	3.223641e-01
4,	3.222004e-01
4,	3.220367e-01
4,	3.218730e-01
4,	3.217092e-01
4,	3.215455e-01
4,	3.213818e-01
4,	3.212181e-01
4,	3.210544e-01
4,	3.208906e-01
4,	3.207269e-01
4,	3.205632e-01
4,	3.203995e-01
4,	3.202358e-01
4,	3.200720e-01
4,	3.199083e-01
4,	3.197446e-01
4,	3.195809e-01
4,	3.194172e-01
4,	3.192534e-01
4,	3.190897e-01
4,	3.189260e-01
4,	3.187623e-01
4,	3.185986e-01
4,	3.184348e-01
4,	3.182711e-01
4,	3.181074e-01
4,	3.179437e-01
4,	3.177800e-01
4,	3.176162e-01
4,	3.174525e-01
4,	3.172888e-01
4,	3.171251e-01
4,	3.169614e-01
4,	3.167976e-01
4,	3.166339e-01
4,	3.164702e-01
4,	3.163065e-01
4,	3.161428e-01
4,	3.159790e-01
4,	3.158153e-01
4,	3.156516e-01
4,	3.154879e-01
4,	3.153242e-01
4,	3.151604e-01
4,	3.149967e-01
4,	3.148330e-01
4,	3.146693e-01
4,	3.145056e-01
4,	3.143418e-01
4,	3.141781e-01
4,	3.140144e-01
4,	3.138507e-01
4,	3.136870e-01
4,	3.135232e-01
4,	3.133595e-01
4,	3.131958e-01
4,	3.130321e-01
4,	3.128684e-01
4,	3.127046e-01
4,	3.125409e-01
4,	3.123772e-01
4,	3.122135e-01
4,	3.120498e-01
4,	3.118861e-01
5,	3.117223e-01
5,	3.115586e-01
6,	3.113949e-01
6,	3.112312e-01
6,	3.110675e-01
6,	3.109037e-01
7,	3.107400e-01
7,	3.105763e-01
7,	3.104126e-01
7,	3.102489e-01
7,	3.100851e-01
7,	3.099214e-01
7,	3.097577e-01
7,	3.095940e-01
7,	3.094303e-01
7,	3.092665e-01
7,	3.091028e-01
7,	3.089391e-01
7,	3.087754e-01
7,	3.086117e-01
7,	3.084479e-01
7,	3.082842e-01
7,	3.081205e-01
7,	3.079568e-01
7,	3.077931e-01
7,	3.076293e-01
7,	3.074656e-01
7,	3.073019e-01
7,	3.071382e-01
7,	3.069745e-01
7,	3.068107e-01
7,	3.066470e-01
7,	3.064833e-01
8,	3.063196e-01
8,	3.061559e-01
8,	3.059921e-01
8,	3.058284e-01
8,	3.056647e-01
8,	3.055010e-01
8,	3.053373e-01
8,	3.051735e-01
9,	3.050098e-01
9,	3.048461e-01
9,	3.046824e-01
9,	3.045187e-01
9,	3.043549e-01
9,	3.041912e-01
9,	3.040275e-01
9,	3.038638e-01
9,	3.037001e-01
9,	3.035363e-01
9,	3.033726e-01
10,	3.032089e-01
10,	3.030452e-01
10,	3.028815e-01
10,	3.027177e-01
10,	3.025540e-01
10,	3.023903e-01
10,	3.022266e-01
10,	3.020629e-01
10,	3.018991e-01
10,	3.017354e-01
10,	3.015717e-01
10,	3.014080e-01
10,	3.012443e-01
10,	3.010806e-01
10,	3.009168e-01
10,	3.007531e-01
10,	3.005894e-01
10,	3.004257e-01
10,	3.002620e-01
10,	3.000982e-01
10,	2.999345e-01
10,	2.997708e-01
10,	2.996071e-01
10,	2.994434e-01
10,	2.992796e-01
10,	2.991159e-01
10,	2.989522e-01
10,	2.987885e-01
10,	2.986248e-01
10,	2.984610e-01
10,	2.982973e-01
10,	2.981336e-01
10,	2.979699e-01
10,	2.978062e-01
10,	2.976424e-01
11,	2.974787e-01
11,	2.973150e-01
11,	2.971513e-01
11,	2.969876e-01
11,	2.968238e-01
11,	2.966601e-01
11,	2.964964e-01
11,	2.963327e-01
11,	2.961690e-01
11,	2.960052e-01
11,	2.958415e-01
11,	2.956778e-01
11,	2.955141e-01
12,	2.953504e-01
12,	2.951866e-01
12,	2.950229e-01
12,	2.948592e-01
12,	2.946955e-01
13,	2.945318e-01
13,	2.943680e-01
13,	2.942043e-01
13,	2.940406e-01
13,	2.938769e-01
13,	2.937132e-01
13,	2.935494e-01
13,	2.933857e-01
13,	2.932220e-01
13,	2.930583e-01
13,	2.928946e-01
13,	2.927308e-01
13,	2.925671e-01
13,	2.924034e-01
13,	2.922397e-01
13,	2.920760e-01
14,	2.919122e-01
14,	2.917485e-01
14,	2.915848e-01
14,	2.914211e-01
14,	2.912574e-01
14,	2.910936e-01
14,	2.909299e-01
14,	2.907662e-01
14,	2.906025e-01
14,	2.904388e-01
14,	2.902750e-01
14,	2.901113e-01
14,	2.899476e-01
14,	2.897839e-01
14,	2.896202e-01
14,	2.894565e-01
14,	2.892927e-01
14,	2.891290e-01
14,	2.889653e-01
14,	2.888016e-01
14,	2.886379e-01
14,	2.884741e-01
14,	2.883104e-01
14,	2.881467e-01
14,	2.879830e-01
14,	2.878193e-01
14,	2.876555e-01
14,	2.874918e-01
14,	2.873281e-01
14,	2.871644e-01
14,	2.870007e-01
14,	2.868369e-01
14,	2.866732e-01
14,	2.865095e-01
14,	2.863458e-01
14,	2.861821e-01
14,	2.860183e-01
14,	2.858546e-01
14,	2.856909e-01
14,	2.855272e-01
14,	2.853635e-01
14,	2.851997e-01
14,	2.850360e-01
14,	2.848723e-01
14,	2.847086e-01
14,	2.845449e-01
14,	2.843811e-01
14,	2.842174e-01
14,	2.840537e-01
14,	2.838900e-01
14,	2.837263e-01
14,	2.835625e-01
14,	2.833988e-01
14,	2.832351e-01
14,	2.830714e-01
14,	2.829077e-01
14,	2.827439e-01
14,	2.825802e-01
14,	2.824165e-01
14,	2.822528e-01
14,	2.820891e-01
14,	2.819253e-01
14,	2.817616e-01
14,	2.815979e-01
14,	2.814342e-01
14,	2.812705e-01
14,	2.811067e-01
14,	2.809430e-01
14,	2.807793e-01
14,	2.806156e-01
14,	2.804519e-01
14,	2.802881e-01
14,	2.801244e-01
14,	2.799607e-01
14,	2.797970e-01
14,	2.796333e-01
14,	2.794695e-01
14,	2.793058e-01
14,	2.791421e-01
14,	2.789784e-01
14,	2.788147e-01
14,	2.786509e-01
14,	2.784872e-01
15,	2.783235e-01
15,	2.781598e-01
15,	2.779961e-01
15,	2.778324e-01
15,	2.776686e-01
15,	2.775049e-01
15,	2.773412e-01
15,	2.771775e-01
15,	2.770138e-01
15,	2.768500e-01
15,	2.766863e-01
15,	2.765226e-01
15,	2.763589e-01
15,	2.761952e-01
15,	2.760314e-01
15,	2.758677e-01
15,	2.757040e-01
15,	2.755403e-01
15,	2.753766e-01
15,	2.752128e-01
15,	2.750491e-01
15,	2.748854e-01
15,	2.747217e-01
15,	2.745580e-01
15,	2.743942e-01
15,	2.742305e-01
15,	2.740668e-01
15,	2.739031e-01
15,	2.737394e-01
15,	2.735756e-01
15,	2.734119e-01
15,	2.732482e-01
15,	2.730845e-01
15,	2.729208e-01
15,	2.727570e-01
15,	2.725933e-01
15,	2.724296e-01
15,	2.722659e-01
15,	2.721022e-01
15,	2.719384e-01
15,	2.717747e-01
15,	2.716110e-01
15,	2.714473e-01
15,	2.712836e-01
15,	2.711198e-01
15,	2.709561e-01
15,	2.707924e-01
15,	2.706287e-01
15,	2.704650e-01
15,	2.703012e-01
15,	2.701375e-01
15,	2.699738e-01
15,	2.698101e-01
15,	2.696464e-01
15,	2.694826e-01
15,	2.693189e-01
15,	2.691552e-01
15,	2.689915e-01
15,	2.688278e-01
15,	2.686640e-01
15,	2.685003e-01
15,	2.683366e-01
15,	2.681729e-01
15,	2.680092e-01
15,	2.678454e-01
15,	2.676817e-01
15,	2.675180e-01
15,	2.673543e-01
15,	2.671906e-01
15,	2.670269e-01
15,	2.668631e-01
15,	2.666994e-01
15,	2.665357e-01
15,	2.663720e-01
15,	2.662083e-01
15,	2.660445e-01
15,	2.658808e-01
15,	2.657171e-01
15,	2.655534e-01
15,	2.653897e-01
15,	2.652259e-01
15,	2.650622e-01
15,	2.648985e-01
15,	2.647348e-01
15,	2.645711e-01
15,	2.644073e-01
15,	2.642436e-01
15,	2.640799e-01
15,	2.639162e-01
15,	2.637525e-01
15,	2.635887e-01
15,	2.634250e-01
15,	2.632613e-01
15,	2.630976e-01
16,	2.629339e-01
16,	2.627701e-01
16,	2.626064e-01
16,	2.624427e-01
16,	2.622790e-01
16,	2.621153e-01
16,	2.619515e-01
16,	2.617878e-01
16,	2.616241e-01
16,	2.614604e-01
16,	2.612967e-01
16,	2.611329e-01
16,	2.609692e-01
16,	2.608055e-01
16,	2.606418e-01
16,	2.604781e-01
16,	2.603143e-01
16,	2.601506e-01
16,	2.599869e-01
16,	2.598232e-01
16,	2.596595e-01
16,	2.594957e-01
16,	2.593320e-01
16,	2.591683e-01
16,	2.590046e-01
16,	2.588409e-01
16,	2.586771e-01
16,	2.585134e-01
16,	2.583497e-01
16,	2.581860e-01
16,	2.580223e-01
16,	2.578585e-01
16,	2.576948e-01
16,	2.575311e-01
16,	2.573674e-01
16,	2.572037e-01
16,	2.570399e-01
16,	2.568762e-01
16,	2.567125e-01
16,	2.565488e-01
16,	2.563851e-01
16,	2.562213e-01
16,	2.560576e-01
16,	2.558939e-01
16,	2.557302e-01
16,	2.555665e-01
16,	2.554028e-01
16,	2.552390e-01
16,	2.550753e-01
16,	2.549116e-01
16,	2.547479e-01
16,	2.545842e-01
16,	2.544204e-01
16,	2.542567e-01
16,	2.540930e-01
16,	2.539293e-01
16,	2.537656e-01
16,	2.536018e-01
16,	2.534381e-01
16,	2.532744e-01
16,	2.531107e-01
16,	2.529470e-01
16,	2.527832e-01
16,	2.526195e-01
16,	2.524558e-01
16,	2.522921e-01
16,	2.521284e-01
16,	2.519646e-01
16,	2.518009e-01
16,	2.516372e-01
16,	2.514735e-01
16,	2.513098e-01
16,	2.511460e-01
16,	2.509823e-01
16,	2.508186e-01
16,	2.506549e-01
16,	2.504912e-01
16,	2.503274e-01
16,	2.501637e-01
16,	2.500000e-01
16,	2.498363e-01
17,	2.496726e-01
17,	2.495088e-01
17,	2.493451e-01
17,	2.491814e-01
17,	2.490177e-01
17,	2.488540e-01
17,	2.486902e-01
17,	2.485265e-01
17,	2.483628e-01
17,	2.481991e-01
17,	2.480354e-01
17,	2.478716e-01
17,	2.477079e-01
17,	2.475442e-01
17,	2.473805e-01
17,	2.472168e-01
17,	2.470530e-01
17,	2.468893e-01
17,	2.467256e-01
17,	2.465619e-01
17,	2.463982e-01
17,	2.462344e-01
17,	2.460707e-01
17,	2.459070e-01
17,	2.457433e-01
17,	2.455796e-01
17,	2.454158e-01
17,	2.452521e-01
17,	2.450884e-01
17,	2.449247e-01
17,	2.447610e-01
17,	2.445972e-01
17,	2.444335e-01
17,	2.442698e-01
17,	2.441061e-01
17,	2.439424e-01
17,	2.437787e-01
17,	2.436149e-01
17,	2.434512e-01
17,	2.432875e-01
17,	2.431238e-01
17,	2.429601e-01
17,	2.427963e-01
17,	2.426326e-01
17,	2.424689e-01
17,	2.423052e-01
17,	2.421415e-01
17,	2.419777e-01
17,	2.418140e-01
17,	2.416503e-01
17,	2.414866e-01
17,	2.413229e-01
17,	2.411591e-01
17,	2.409954e-01
17,	2.408317e-01
17,	2.406680e-01
17,	2.405043e-01
17,	2.403405e-01
17,	2.401768e-01
17,	2.400131e-01
17,	2.398494e-01
17,	2.396857e-01
17,	2.395219e-01
17,	2.393582e-01
17,	2.391945e-01
17,	2.390308e-01
17,	2.388671e-01
17,	2.387033e-01
17,	2.385396e-01
17,	2.383759e-01
17,	2.382122e-01
17,	2.380485e-01
17,	2.378847e-01
17,	2.377210e-01
17,	2.375573e-01
17,	2.373936e-01
17,	2.372299e-01
17,	2.370661e-01
17,	2.369024e-01
17,	2.367387e-01
17,	2.365750e-01
17,	2.364113e-01
17,	2.362475e-01
17,	2.360838e-01
17,	2.359201e-01
17,	2.357564e-01
17,	2.355927e-01
17,	2.354289e-01
17,	2.352652e-01
17,	2.351015e-01
17,	2.349378e-01
17,	2.347741e-01
17,	2.346103e-01
17,	2.344466e-01
17,	2.342829e-01
17,	2.341192e-01
17,	2.339555e-01
17,	2.337917e-01
17,	2.336280e-01
17,	2.334643e-01
17,	2.333006e-01
17,	2.331369e-01
17,	2.329731e-01
17,	2.328094e-01
17,	2.326457e-01
17,	2.324820e-01
17,	2.323183e-01
17,	2.321546e-01
17,	2.319908e-01
17,	2.318271e-01
18,	2.316634e-01
18,	2.314997e-01
18,	2.313360e-01
18,	2.311722e-01
18,	2.310085e-01
18,	2.308448e-01
18,	2.306811e-01
18,	2.305174e-01
18,	2.303536e-01
18,	2.301899e-01
18,	2.300262e-01
18,	2.298625e-01
18,	2.296988e-01
18,	2.295350e-01
18,	2.293713e-01
18,	2.292076e-01
18,	2.290439e-01
18,	2.288802e-01
18,	2.287164e-01
18,	2.285527e-01
18,	2.283890e-01
18,	2.282253e-01
18,	2.280616e-01
18,	2.278978e-01
18,	2.277341e-01
18,	2.275704e-01
18,	2.274067e-01
18,	2.272430e-01
18,	2.270792e-01
18,	2.269155e-01
18,	2.267518e-01
18,	2.265881e-01
18,	2.264244e-01
18,	2.262606e-01
18,	2.260969e-01
18,	2.259332e-01
18,	2.257695e-01
18,	2.256058e-01
18,	2.254420e-01
18,	2.252783e-01
18,	2.251146e-01
18,	2.249509e-01
18,	2.247872e-01
18,	2.246234e-01
18,	2.244597e-01
18,	2.242960e-01
18,	2.241323e-01
18,	2.239686e-01
18,	2.238048e-01
18,	2.236411e-01
18,	2.234774e-01
18,	2.233137e-01
18,	2.231500e-01
18,	2.229862e-01
18,	2.228225e-01
18,	2.226588e-01
18,	2.224951e-01
18,	2.223314e-01
18,	2.221676e-01
18,	2.220039e-01
18,	2.218402e-01
18,	2.216765e-01
18,	2.215128e-01
18,	2.213491e-01
18,	2.211853e-01
18,	2.210216e-01
18,	2.208579e-01
18,	2.206942e-01
18,	2.205305e-01
18,	2.203667e-01
18,	2.202030e-01
18,	2.200393e-01
18,	2.198756e-01
18,	2.197119e-01
18,	2.195481e-01
19,	2.193844e-01
19,	2.192207e-01
19,	2.190570e-01
19,	2.188933e-01
19,	2.187295e-01
19,	2.185658e-01
19,	2.184021e-01
19,	2.182384e-01
19,	2.180747e-01
19,	2.179109e-01
19,	2.177472e-01
19,	2.175835e-01
19,	2.174198e-01
19,	2.172561e-01
19,	2.170923e-01
19,	2.169286e-01
19,	2.167649e-01
19,	2.166012e-01
19,	2.164375e-01
19,	2.162737e-01
19,	2.161100e-01
19,	2.159463e-01
19,	2.157826e-01
19,	2.156189e-01
19,	2.154551e-01
19,	2.152914e-01
19,	2.151277e-01
19,	2.149640e-01
19,	2.148003e-01
19,	2.146365e-01
19,	2.144728e-01
19,	2.143091e-01
19,	2.141454e-01
19,	2.139817e-01
19,	2.138179e-01
19,	2.136542e-01
19,	2.134905e-01
19,	2.133268e-01
19,	2.131631e-01
19,	2.129993e-01
19,	2.128356e-01
19,	2.126719e-01
19,	2.125082e-01
19,	2.123445e-01
19,	2.121807e-01
19,	2.120170e-01
19,	2.118533e-01
19,	2.116896e-01
19,	2.115259e-01
19,	2.113621e-01
19,	2.111984e-01
19,	2.110347e-01
19,	2.108710e-01
19,	2.107073e-01
19,	2.105435e-01
19,	2.103798e-01
19,	2.102161e-01
19,	2.100524e-01
19,	2.098887e-01
20,	2.097250e-01
20,	2.095612e-01
20,	2.093975e-01
20,	2.092338e-01
20,	2.090701e-01
20,	2.089064e-01
20,	2.087426e-01
20,	2.085789e-01
20,	2.084152e-01
20,	2.082515e-01
20,	2.080878e-01
20,	2.079240e-01
20,	2.077603e-01
20,	2.075966e-01
20,	2.074329e-01
20,	2.072692e-01
20,	2.071054e-01
20,	2.069417e-01
20,	2.067780e-01
20,	2.066143e-01
20,	2.064506e-01
20,	2.062868e-01
20,	2.061231e-01
20,	2.059594e-01
20,	2.057957e-01
20,	2.056320e-01
20,	2.054682e-01
20,	2.053045e-01
20,	2.051408e-01
20,	2.049771e-01
20,	2.048134e-01
20,	2.046496e-01
20,	2.044859e-01
20,	2.043222e-01
20,	2.041585e-01
20,	2.039948e-01
20,	2.038310e-01
20,	2.036673e-01
20,	2.035036e-01
20,	2.033399e-01
20,	2.031762e-01
20,	2.030124e-01
20,	2.028487e-01
20,	2.026850e-01
20,	2.025213e-01
20,	2.023576e-01
20,	2.021938e-01
20,	2.020301e-01
20,	2.018664e-01
20,	2.017027e-01
20,	2.015390e-01
20,	2.013752e-01
20,	2.012115e-01
20,	2.010478e-01
20,	2.008841e-01
20,	2.007204e-01
20,	2.005566e-01
20,	2.003929e-01
20,	2.002292e-01
20,	2.000655e-01
20,	1.999018e-01
20,	1.997380e-01
20,	1.995743e-01
20,	1.994106e-01
20,	1.992469e-01
20,	1.990832e-01
20,	1.989194e-01
20,	1.987557e-01
20,	1.985920e-01
20,	1.984283e-01
20,	1.982646e-01
20,	1.981009e-01
20,	1.979371e-01
20,	1.977734e-01
21,	1.976097e-01
21,	1.974460e-01
21,	1.972823e-01
21,	1.971185e-01
21,	1.969548e-01
21,	1.967911e-01
21,	1.966274e-01
21,	1.964637e-01
21,	1.962999e-01
21,	1.961362e-01
21,	1.959725e-01
21,	1.958088e-01
21,	1.956451e-01
21,	1.954813e-01
21,	1.953176e-01
21,	1.951539e-01
21,	1.949902e-01
21,	1.948265e-01
21,	1.946627e-01
21,	1.944990e-01
21,	1.943353e-01
21,	1.941716e-01
21,	1.940079e-01
21,	1.938441e-01
21,	1.936804e-01
21,	1.935167e-01
21,	1.933530e-01
21,	1.931893e-01
21,	1.930255e-01
21,	1.928618e-01
21,	1.926981e-01
21,	1.925344e-01
21,	1.923707e-01
21,	1.922069e-01
21,	1.920432e-01
21,	1.918795e-01
21,	1.917158e-01
21,	1.915521e-01
21,	1.913883e-01
21,	1.912246e-01
21,	1.910609e-01
21,	1.908972e-01
21,	1.907335e-01
21,	1.905697e-01
21,	1.904060e-01
21,	1.902423e-01
21,	1.900786e-01
21,	1.899149e-01
21,	1.897511e-01
21,	1.895874e-01
21,	1.894237e-01
21,	1.892600e-01
21,	1.890963e-01
21,	1.889325e-01
21,	1.887688e-01
21,	1.886051e-01
21,	1.884414e-01
21,	1.882777e-01
21,	1.881139e-01
21,	1.879502e-01
21,	1.877865e-01
21,	1.876228e-01
21,	1.874591e-01
22,	1.872954e-01
22,	1.871316e-01
22,	1.869679e-01
22,	1.868042e-01
22,	1.866405e-01
22,	1.864768e-01
22,	1.863130e-01
22,	1.861493e-01
22,	1.859856e-01
22,	1.858219e-01
22,	1.856582e-01
22,	1.854944e-01
22,	1.853307e-01
22,	1.851670e-01
22,	1.850033e-01
22,	1.848396e-01
22,	1.846758e-01
22,	1.845121e-01
22,	1.843484e-01
22,	1.841847e-01
22,	1.840210e-01
22,	1.838572e-01
22,	1.836935e-01
22,	1.835298e-01
22,	1.833661e-01
22,	1.832024e-01
22,	1.830386e-01
22,	1.828749e-01
22,	1.827112e-01
22,	1.825475e-01
22,	1.823838e-01
22,	1.822200e-01
22,	1.820563e-01
22,	1.818926e-01
22,	1.817289e-01
22,	1.815652e-01
22,	1.814014e-01
22,	1.812377e-01
22,	1.810740e-01
22,	1.809103e-01
22,	1.807466e-01
22,	1.805828e-01
22,	1.804191e-01
22,	1.802554e-01
22,	1.800917e-01
22,	1.799280e-01
22,	1.797642e-01
23,	1.796005e-01
23,	1.794368e-01
23,	1.792731e-01
23,	1.791094e-01
23,	1.789456e-01
23,	1.787819e-01
23,	1.786182e-01
23,	1.784545e-01
23,	1.782908e-01
23,	1.781270e-01
23,	1.779633e-01
23,	1.777996e-01
23,	1.776359e-01
23,	1.774722e-01
23,	1.773084e-01
23,	1.771447e-01
23,	1.769810e-01
23,	1.768173e-01
23,	1.766536e-01
23,	1.764898e-01
23,	1.763261e-01
23,	1.761624e-01
23,	1.759987e-01
23,	1.758350e-01
23,	1.756713e-01
23,	1.755075e-01
23,	1.753438e-01
23,	1.751801e-01
23,	1.750164e-01
23,	1.748527e-01
23,	1.746889e-01
23,	1.745252e-01
23,	1.743615e-01
23,	1.741978e-01
24,	1.740341e-01
24,	1.738703e-01
24,	1.737066e-01
24,	1.735429e-01
24,	1.733792e-01
24,	1.732155e-01
24,	1.730517e-01
24,	1.728880e-01
24,	1.727243e-01
24,	1.725606e-01
24,	1.723969e-01
24,	1.722331e-01
24,	1.720694e-01
24,	1.719057e-01
24,	1.717420e-01
24,	1.715783e-01
24,	1.714145e-01
24,	1.712508e-01
24,	1.710871e-01
24,	1.709234e-01
24,	1.707597e-01
24,	1.705959e-01
24,	1.704322e-01
24,	1.702685e-01
24,	1.701048e-01
24,	1.699411e-01
24,	1.697773e-01
24,	1.696136e-01
24,	1.694499e-01
24,	1.692862e-01
24,	1.691225e-01
24,	1.689587e-01
24,	1.687950e-01
24,	1.686313e-01
24,	1.684676e-01
24,	1.683039e-01
24,	1.681401e-01
24,	1.679764e-01
24,	1.678127e-01
24,	1.676490e-01
24,	1.674853e-01
24,	1.673215e-01
24,	1.671578e-01
24,	1.669941e-01
24,	1.668304e-01
24,	1.666667e-01
24,	1.665029e-01
24,	1.663392e-01
24,	1.661755e-01
24,	1.660118e-01
24,	1.658481e-01
24,	1.656843e-01
24,	1.655206e-01
24,	1.653569e-01
24,	1.651932e-01
24,	1.650295e-01
25,	1.648657e-01
25,	1.647020e-01
25,	1.645383e-01
25,	1.643746e-01
25,	1.642109e-01
25,	1.640472e-01
25,	1.638834e-01
25,	1.637197e-01
25,	1.635560e-01
25,	1.633923e-01
25,	1.632286e-01
25,	1.630648e-01
25,	1.629011e-01
25,	1.627374e-01
25,	1.625737e-01
25,	1.624100e-01
25,	1.622462e-01
25,	1.620825e-01
25,	1.619188e-01
25,	1.617551e-01
25,	1.615914e-01
25,	1.614276e-01
25,	1.612639e-01
25,	1.611002e-01
25,	1.609365e-01
25,	1.607728e-01
25,	1.606090e-01
25,	1.604453e-01
25,	1.602816e-01
25,	1.601179e-01
25,	1.599542e-01
25,	1.597904e-01
25,	1.596267e-01
25,	1.594630e-01
25,	1.592993e-01
25,	1.591356e-01
25,	1.589718e-01
25,	1.588081e-01
25,	1.586444e-01
25,	1.584807e-01
25,	1.583170e-01
25,	1.581532e-01
25,	1.579895e-01
25,	1.578258e-01
25,	1.576621e-01
25,	1.574984e-01
25,	1.573346e-01
25,	1.571709e-01
25,	1.570072e-01
25,	1.568435e-01
25,	1.566798e-01
25,	1.565160e-01
25,	1.563523e-01
25,	1.561886e-01
25,	1.560249e-01
25,	1.558612e-01
25,	1.556974e-01
25,	1.555337e-01
25,	1.553700e-01
25,	1.552063e-01
25,	1.550426e-01
25,	1.548788e-01
26,	1.547151e-01
26,	1.545514e-01
26,	1.543877e-01
26,	1.542240e-01
26,	1.540602e-01
26,	1.538965e-01
26,	1.537328e-01
26,	1.535691e-01
26,	1.534054e-01
26,	1.532417e-01
26,	1.530779e-01
26,	1.529142e-01
26,	1.527505e-01
26,	1.525868e-01
26,	1.524231e-01
26,	1.522593e-01
26,	1.520956e-01
26,	1.519319e-01
26,	1.517682e-01
26,	1.516045e-01
26,	1.514407e-01
26,	1.512770e-01
26,	1.511133e-01
26,	1.509496e-01
26,	1.507859e-01
26,	1.506221e-01
26,	1.504584e-01
26,	1.502947e-01
26,	1.501310e-01
26,	1.499673e-01
26,	1.498035e-01
26,	1.496398e-01
26,	1.494761e-01
26,	1.493124e-01
26,	1.491487e-01
26,	1.489849e-01
26,	1.488212e-01
26,	1.486575e-01
26,	1.484938e-01
26,	1.483301e-01
26,	1.481663e-01
27,	1.480026e-01
27,	1.478389e-01
27,	1.476752e-01
27,	1.475115e-01
27,	1.473477e-01
27,	1.471840e-01
27,	1.470203e-01
27,	1.468566e-01
27,	1.466929e-01
27,	1.465291e-01
27,	1.463654e-01
27,	1.462017e-01
27,	1.460380e-01
27,	1.458743e-01
27,	1.457105e-01
27,	1.455468e-01
27,	1.453831e-01
27,	1.452194e-01
27,	1.450557e-01
27,	1.448919e-01
27,	1.447282e-01
27,	1.445645e-01
27,	1.444008e-01
27,	1.442371e-01
27,	1.440733e-01
27,	1.439096e-01
27,	1.437459e-01
27,	1.435822e-01
27,	1.434185e-01
27,	1.432547e-01
27,	1.430910e-01
27,	1.429273e-01
27,	1.427636e-01
27,	1.425999e-01
27,	1.424361e-01
27,	1.422724e-01
27,	1.421087e-01
27,	1.419450e-01
28,	1.417813e-01
28,	1.416176e-01
28,	1.414538e-01
28,	1.412901e-01
28,	1.411264e-01
28,	1.409627e-01
28,	1.407990e-01
28,	1.406352e-01
28,	1.404715e-01
28,	1.403078e-01
28,	1.401441e-01
28,	1.399804e-01
28,	1.398166e-01
28,	1.396529e-01
28,	1.394892e-01
28,	1.393255e-01
28,	1.391618e-01
28,	1.389980e-01
28,	1.388343e-01
28,	1.386706e-01
28,	1.385069e-01
28,	1.383432e-01
28,	1.381794e-01
28,	1.380157e-01
28,	1.378520e-01
28,	1.376883e-01
28,	1.375246e-01
28,	1.373608e-01
28,	1.371971e-01
28,	1.370334e-01
28,	1.368697e-01
28,	1.367060e-01
28,	1.365422e-01
28,	1.363785e-01
28,	1.362148e-01
28,	1.360511e-01
28,	1.358874e-01
28,	1.357236e-01
28,	1.355599e-01
28,	1.353962e-01
28,	1.352325e-01
29,	1.350688e-01
29,	1.349050e-01
29,	1.347413e-01
29,	1.345776e-01
29,	1.344139e-01
29,	1.342502e-01
29,	1.340864e-01
29,	1.339227e-01
29,	1.337590e-01
29,	1.335953e-01
29,	1.334316e-01
29,	1.332678e-01
29,	1.331041e-01
29,	1.329404e-01
29,	1.327767e-01
29,	1.326130e-01
29,	1.324492e-01
29,	1.322855e-01
29,	1.321218e-01
29,	1.319581e-01
29,	1.317944e-01
29,	1.316306e-01
30,	1.314669e-01
30,	1.313032e-01
30,	1.311395e-01
30,	1.309758e-01
30,	1.308120e-01
30,	1.306483e-01
30,	1.304846e-01
30,	1.303209e-01
30,	1.301572e-01
30,	1.299935e-01
30,	1.298297e-01
30,	1.296660e-01
30,	1.295023e-01
30,	1.293386e-01
30,	1.291749e-01
30,	1.290111e-01
30,	1.288474e-01
31,	1.286837e-01
31,	1.285200e-01
31,	1.283563e-01
31,	1.281925e-01
31,	1.280288e-01
31,	1.278651e-01
31,	1.277014e-01
31,	1.275377e-01
31,	1.273739e-01
31,	1.272102e-01
31,	1.270465e-01
31,	1.268828e-01
31,	1.267191e-01
31,	1.265553e-01
31,	1.263916e-01
32,	1.262279e-01
32,	1.260642e-01
32,	1.259005e-01
32,	1.257367e-01
32,	1.255730e-01
32,	1.254093e-01
32,	1.252456e-01
32,	1.250819e-01
32,	1.249181e-01
32,	1.247544e-01
32,	1.245907e-01
32,	1.244270e-01
32,	1.242633e-01
32,	1.240995e-01
32,	1.239358e-01
32,	1.237721e-01
32,	1.236084e-01
32,	1.234447e-01
32,	1.232809e-01
32,	1.231172e-01
32,	1.229535e-01
32,	1.227898e-01
32,	1.226261e-01
32,	1.224623e-01
32,	1.222986e-01
33,	1.221349e-01
33,	1.219712e-01
33,	1.218075e-01
33,	1.216437e-01
33,	1.214800e-01
33,	1.213163e-01
33,	1.211526e-01
33,	1.209889e-01
33,	1.208251e-01
33,	1.206614e-01
33,	1.204977e-01
33,	1.203340e-01
33,	1.201703e-01
33,	1.200065e-01
33,	1.198428e-01
33,	1.196791e-01
34,	1.195154e-01
34,	1.193517e-01
34,	1.191880e-01
34,	1.190242e-01
34,	1.188605e-01
34,	1.186968e-01
34,	1.185331e-01
34,	1.183694e-01
34,	1.182056e-01
34,	1.180419e-01
34,	1.178782e-01
34,	1.177145e-01
34,	1.175508e-01
34,	1.173870e-01
34,	1.172233e-01
34,	1.170596e-01
34,	1.168959e-01
35,	1.167322e-01
35,	1.165684e-01
35,	1.164047e-01
35,	1.162410e-01
35,	1.160773e-01
35,	1.159136e-01
35,	1.157498e-01
35,	1.155861e-01
35,	1.154224e-01
35,	1.152587e-01
36,	1.150950e-01
36,	1.149312e-01
36,	1.147675e-01
36,	1.146038e-01
36,	1.144401e-01
36,	1.142764e-01
36,	1.141126e-01
36,	1.139489e-01
36,	1.137852e-01
36,	1.136215e-01
36,	1.134578e-01
36,	1.132940e-01
37,	1.131303e-01
37,	1.129666e-01
37,	1.128029e-01
37,	1.126392e-01
37,	1.124754e-01
37,	1.123117e-01
37,	1.121480e-01
37,	1.119843e-01
37,	1.118206e-01
37,	1.116568e-01
37,	1.114931e-01
37,	1.113294e-01
37,	1.111657e-01
37,	1.110020e-01
37,	1.108382e-01
38,	1.106745e-01
38,	1.105108e-01
38,	1.103471e-01
38,	1.101834e-01
38,	1.100196e-01
38,	1.098559e-01
38,	1.096922e-01
38,	1.095285e-01
38,	1.093648e-01
38,	1.092010e-01
38,	1.090373e-01
39,	1.088736e-01
39,	1.087099e-01
39,	1.085462e-01
39,	1.083824e-01
39,	1.082187e-01
39,	1.080550e-01
39,	1.078913e-01
39,	1.077276e-01
39,	1.075639e-01
39,	1.074001e-01
39,	1.072364e-01
39,	1.070727e-01
39,	1.069090e-01
39,	1.067453e-01
40,	1.065815e-01
40,	1.064178e-01
40,	1.062541e-01
40,	1.060904e-01
40,	1.059267e-01
40,	1.057629e-01
40,	1.055992e-01
40,	1.054355e-01
40,	1.052718e-01
41,	1.051081e-01
41,	1.049443e-01
41,	1.047806e-01
41,	1.046169e-01
41,	1.044532e-01
41,	1.042895e-01
41,	1.041257e-01
41,	1.039620e-01
41,	1.037983e-01
41,	1.036346e-01
41,	1.034709e-01
41,	1.033071e-01
41,	1.031434e-01
41,	1.029797e-01
42,	1.028160e-01
42,	1.026523e-01
42,	1.024885e-01
42,	1.023248e-01
42,	1.021611e-01
42,	1.019974e-01
43,	1.018337e-01
43,	1.016699e-01
43,	1.015062e-01
43,	1.013425e-01
43,	1.011788e-01
43,	1.010151e-01
44,	1.008513e-01
44,	1.006876e-01
44,	1.005239e-01
44,	1.003602e-01
44,	1.001965e-01
44,	1.000327e-01
44,	9.986902e-02
44,	9.970530e-02
44,	9.954158e-02
45,	9.937787e-02
45,	9.921415e-02
45,	9.905043e-02
45,	9.888671e-02
45,	9.872299e-02
45,	9.855927e-02
45,	9.839555e-02
45,	9.823183e-02
45,	9.806811e-02
45,	9.790439e-02
46,	9.774067e-02
46,	9.757695e-02
46,	9.741323e-02
46,	9.724951e-02
46,	9.708579e-02
46,	9.692207e-02
47,	9.675835e-02
47,	9.659463e-02
48,	9.643091e-02
48,	9.626719e-02
48,	9.610347e-02
48,	9.593975e-02
48,	9.577603e-02
48,	9.561231e-02
48,	9.544859e-02
48,	9.528487e-02
48,	9.512115e-02
49,	9.495743e-02
49,	9.479371e-02
49,	9.462999e-02
49,	9.446627e-02
49,	9.430255e-02
49,	9.413883e-02
49,	9.397511e-02
50,	9.381139e-02
50,	9.364768e-02
50,	9.348396e-02
50,	9.332024e-02
50,	9.315652e-02
50,	9.299280e-02
50,	9.282908e-02
50,	9.266536e-02
50,	9.250164e-02
51,	9.233792e-02
51,	9.217420e-02
51,	9.201048e-02
51,	9.184676e-02
52,	9.168304e-02
52,	9.151932e-02
52,	9.135560e-02
52,	9.119188e-02
52,	9.102816e-02
53,	9.086444e-02
53,	9.070072e-02
53,	9.053700e-02
53,	9.037328e-02
53,	9.020956e-02
53,	9.004584e-02
53,	8.988212e-02
53,	8.971840e-02
53,	8.955468e-02
53,	8.939096e-02
54,	8.922724e-02
54,	8.906352e-02
54,	8.889980e-02
54,	8.873608e-02
54,	8.857236e-02
54,	8.840864e-02
54,	8.824492e-02
55,	8.808120e-02
55,	8.791749e-02
56,	8.775377e-02
56,	8.759005e-02
56,	8.742633e-02
56,	8.726261e-02
56,	8.709889e-02
56,	8.693517e-02
56,	8.677145e-02
56,	8.660773e-02
56,	8.644401e-02
57,	8.628029e-02
57,	8.611657e-02
57,	8.595285e-02
57,	8.578913e-02
57,	8.562541e-02
57,	8.546169e-02
58,	8.529797e-02
58,	8.513425e-02
59,	8.497053e-02
59,	8.480681e-02
59,	8.464309e-02
59,	8.447937e-02
59,	8.431565e-02
59,	8.415193e-02
59,	8.398821e-02
60,	8.382449e-02
60,	8.366077e-02
60,	8.349705e-02
60,	8.333333e-02
60,	8.316961e-02
60,	8.300589e-02
61,	8.284217e-02
61,	8.267845e-02
61,	8.251473e-02
62,	8.235102e-02
62,	8.218730e-02
62,	8.202358e-02
62,	8.185986e-02
62,	8.169614e-02
62,	8.153242e-02
62,	8.136870e-02
62,	8.120498e-02
62,	8.104126e-02
63,	8.087754e-02
63,	8.071382e-02
64,	8.055010e-02
64,	8.038638e-02
64,	8.022266e-02
65,	8.005894e-02
65,	7.989522e-02
65,	7.973150e-02
65,	7.956778e-02
65,	7.940406e-02
66,	7.924034e-02
66,	7.907662e-02
66,	7.891290e-02
66,	7.874918e-02
66,	7.858546e-02
67,	7.842174e-02
67,	7.825802e-02
68,	7.809430e-02
68,	7.793058e-02
68,	7.776686e-02
68,	7.760314e-02
68,	7.743942e-02
69,	7.727570e-02
69,	7.711198e-02
69,	7.694826e-02
69,	7.678454e-02
69,	7.662083e-02
70,	7.645711e-02
70,	7.629339e-02
70,	7.612967e-02
70,	7.596595e-02
70,	7.580223e-02
71,	7.563851e-02
71,	7.547479e-02
71,	7.531107e-02
71,	7.514735e-02
71,	7.498363e-02
72,	7.481991e-02
72,	7.465619e-02
72,	7.449247e-02
72,	7.432875e-02
73,	7.416503e-02
73,	7.400131e-02
74,	7.383759e-02
74,	7.367387e-02
74,	7.351015e-02
74,	7.334643e-02
75,	7.318271e-02
75,	7.301899e-02
75,	7.285527e-02
76,	7.269155e-02
76,	7.252783e-02
76,	7.236411e-02
77,	7.220039e-02
77,	7.203667e-02
77,	7.187295e-02
77,	7.170923e-02
77,	7.154551e-02
78,	7.138179e-02
78,	7.121807e-02
78,	7.105435e-02
78,	7.089064e-02
78,	7.072692e-02
78,	7.056320e-02
79,	7.039948e-02
80,	7.023576e-02
80,	7.007204e-02
80,	6.990832e-02
80,	6.974460e-02
82,	6.958088e-02
82,	6.941716e-02
82,	6.925344e-02
82,	6.908972e-02
83,	6.892600e-02
83,	6.876228e-02
83,	6.859856e-02
83,	6.843484e-02
83,	6.827112e-02
83,	6.810740e-02
84,	6.794368e-02
84,	6.777996e-02
84,	6.761624e-02
85,	6.745252e-02
85,	6.728880e-02
85,	6.712508e-02
85,	6.696136e-02
85,	6.679764e-02
85,	6.663392e-02
85,	6.647020e-02
86,	6.630648e-02
86,	6.614276e-02
86,	6.597904e-02
88,	6.581532e-02
88,	6.565160e-02
89,	6.548788e-02
89,	6.532417e-02
91,	6.516045e-02
91,	6.499673e-02
91,	6.483301e-02
91,	6.466929e-02
92,	6.450557e-02
92,	6.434185e-02
92,	6.417813e-02
93,	6.401441e-02
93,	6.385069e-02
93,	6.368697e-02
93,	6.352325e-02
94,	6.335953e-02
94,	6.319581e-02
94,	6.303209e-02
95,	6.286837e-02
95,	6.270465e-02
95,	6.254093e-02
95,	6.237721e-02
96,	6.221349e-02
96,	6.204977e-02
97,	6.188605e-02
97,	6.172233e-02
98,	6.155861e-02
98,	6.139489e-02
98,	6.123117e-02
98,	6.106745e-02
99,	6.090373e-02
101,	6.074001e-02
101,	6.057629e-02
102,	6.041257e-02
103,	6.024885e-02
103,	6.008513e-02
104,	5.992141e-02
105,	5.975769e-02
105,	5.959398e-02
106,	5.943026e-02
106,	5.926654e-02
106,	5.910282e-02
106,	5.893910e-02
107,	5.877538e-02
108,	5.861166e-02
108,	5.844794e-02
108,	5.828422e-02
109,	5.812050e-02
109,	5.795678e-02
109,	5.779306e-02
109,	5.762934e-02
110,	5.746562e-02
110,	5.730190e-02
110,	5.713818e-02
110,	5.697446e-02
110,	5.681074e-02
111,	5.664702e-02
112,	5.648330e-02
112,	5.631958e-02
113,	5.615586e-02
113,	5.599214e-02
113,	5.582842e-02
113,	5.566470e-02
114,	5.550098e-02
114,	5.533726e-02
114,	5.517354e-02
115,	5.500982e-02
115,	5.484610e-02
115,	5.468238e-02
115,	5.451866e-02
115,	5.435494e-02
116,	5.419122e-02
116,	5.402750e-02
116,	5.386379e-02
116,	5.370007e-02
116,	5.353635e-02
116,	5.337263e-02
117,	5.320891e-02
117,	5.304519e-02
117,	5.288147e-02
118,	5.271775e-02
118,	5.255403e-02
118,	5.239031e-02
118,	5.222659e-02
118,	5.206287e-02
118,	5.189915e-02
118,	5.173543e-02
119,	5.157171e-02
119,	5.140799e-02
119,	5.124427e-02
119,	5.108055e-02
120,	5.091683e-02
120,	5.075311e-02
120,	5.058939e-02
120,	5.042567e-02
120,	5.026195e-02
121,	5.009823e-02
121,	4.993451e-02
121,	4.977079e-02
121,	4.960707e-02
121,	4.944335e-02
121,	4.927963e-02
122,	4.911591e-02
122,	4.895219e-02
122,	4.878847e-02
122,	4.862475e-02
123,	4.846103e-02
123,	4.829731e-02
123,	4.813360e-02
125,	4.796988e-02
125,	4.780616e-02
126,	4.764244e-02
126,	4.747872e-02
127,	4.731500e-02
129,	4.715128e-02
129,	4.698756e-02
129,	4.682384e-02
129,	4.666012e-02
129,	4.649640e-02
129,	4.633268e-02
129,	4.616896e-02
130,	4.600524e-02
130,	4.584152e-02
131,	4.567780e-02
131,	4.551408e-02
131,	4.535036e-02
131,	4.518664e-02
131,	4.502292e-02
132,	4.485920e-02
132,	4.469548e-02
133,	4.453176e-02
133,	4.436804e-02
134,	4.420432e-02
134,	4.404060e-02
134,	4.387688e-02
134,	4.371316e-02
134,	4.354944e-02
135,	4.338572e-02
135,	4.322200e-02
135,	4.305828e-02
136,	4.289456e-02
136,	4.273084e-02
137,	4.256713e-02
137,	4.240341e-02
138,	4.223969e-02
138,	4.207597e-02
139,	4.191225e-02
139,	4.174853e-02
140,	4.158481e-02
140,	4.142109e-02
140,	4.125737e-02
141,	4.109365e-02
141,	4.092993e-02
142,	4.076621e-02
142,	4.060249e-02
142,	4.043877e-02
143,	4.027505e-02
143,	4.011133e-02
143,	3.994761e-02
143,	3.978389e-02
144,	3.962017e-02
144,	3.945645e-02
144,	3.929273e-02
145,	3.912901e-02
145,	3.896529e-02
145,	3.880157e-02
146,	3.863785e-02
147,	3.847413e-02
147,	3.831041e-02
148,	3.814669e-02
148,	3.798297e-02
149,	3.781925e-02
149,	3.765553e-02
149,	3.749181e-02
149,	3.732809e-02
150,	3.716437e-02
151,	3.700065e-02
151,	3.683694e-02
151,	3.667322e-02
151,	3.650950e-02
152,	3.634578e-02
153,	3.618206e-02
154,	3.601834e-02
155,	3.585462e-02
155,	3.569090e-02
156,	3.552718e-02
157,	3.536346e-02
158,	3.519974e-02
158,	3.503602e-02
160,	3.487230e-02
160,	3.470858e-02
161,	3.454486e-02
161,	3.438114e-02
161,	3.421742e-02
161,	3.405370e-02
163,	3.388998e-02
163,	3.372626e-02
163,	3.356254e-02
163,	3.339882e-02
163,	3.323510e-02
164,	3.307138e-02
164,	3.290766e-02
164,	3.274394e-02
165,	3.258022e-02
165,	3.241650e-02
165,	3.225278e-02
166,	3.208906e-02
166,	3.192534e-02
167,	3.176162e-02
167,	3.159790e-02
167,	3.143418e-02
168,	3.127046e-02
171,	3.110675e-02
171,	3.094303e-02
172,	3.077931e-02
173,	3.061559e-02
173,	3.045187e-02
174,	3.028815e-02
175,	3.012443e-02
176,	2.996071e-02
176,	2.979699e-02
178,	2.963327e-02
178,	2.946955e-02
178,	2.930583e-02
179,	2.914211e-02
179,	2.897839e-02
179,	2.881467e-02
180,	2.865095e-02
180,	2.848723e-02
180,	2.832351e-02
180,	2.815979e-02
181,	2.799607e-02
181,	2.783235e-02
181,	2.766863e-02
181,	2.750491e-02
182,	2.734119e-02
183,	2.717747e-02
184,	2.701375e-02
185,	2.685003e-02
186,	2.668631e-02
186,	2.652259e-02
186,	2.635887e-02
186,	2.619515e-02
186,	2.603143e-02
187,	2.586771e-02
187,	2.570399e-02
187,	2.554028e-02
189,	2.537656e-02
190,	2.521284e-02
191,	2.504912e-02
191,	2.488540e-02
191,	2.472168e-02
192,	2.455796e-02
192,	2.439424e-02
192,	2.423052e-02
193,	2.406680e-02
194,	2.390308e-02
194,	2.373936e-02
194,	2.357564e-02
195,	2.341192e-02
195,	2.324820e-02
195,	2.308448e-02
196,	2.292076e-02
198,	2.275704e-02
198,	2.259332e-02
200,	2.242960e-02
200,	2.226588e-02
201,	2.210216e-02
201,	2.193844e-02
202,	2.177472e-02
202,	2.161100e-02
203,	2.144728e-02
204,	2.128356e-02
205,	2.111984e-02
205,	2.095612e-02
207,	2.079240e-02
208,	2.062868e-02
210,	2.046496e-02
210,	2.030124e-02
211,	2.013752e-02
211,	1.997380e-02
212,	1.981009e-02
213,	1.964637e-02
215,	1.948265e-02
217,	1.931893e-02
218,	1.915521e-02
219,	1.899149e-02
221,	1.882777e-02
221,	1.866405e-02
222,	1.850033e-02
223,	1.833661e-02
223,	1.817289e-02
225,	1.800917e-02
225,	1.784545e-02
227,	1.768173e-02
227,	1.751801e-02
229,	1.735429e-02
230,	1.719057e-02
232,	1.702685e-02
233,	1.686313e-02
233,	1.669941e-02
234,	1.653569e-02
237,	1.637197e-02
238,	1.620825e-02
242,	1.604453e-02
243,	1.588081e-02
245,	1.571709e-02
246,	1.555337e-02
247,	1.538965e-02
248,	1.522593e-02
248,	1.506221e-02
248,	1.489849e-02
249,	1.473477e-02
249,	1.457105e-02
251,	1.440733e-02
253,	1.424361e-02
253,	1.407990e-02
257,	1.391618e-02
257,	1.375246e-02
258,	1.358874e-02
259,	1.342502e-02
260,	1.326130e-02
261,	1.309758e-02
262,	1.293386e-02
264,	1.277014e-02
266,	1.260642e-02
267,	1.244270e-02
268,	1.227898e-02
272,	1.211526e-02
272,	1.195154e-02
273,	1.178782e-02
277,	1.162410e-02
292,	1.146038e-02
293,	1.129666e-02
294,	1.113294e-02
298,	1.096922e-02
298,	1.080550e-02
303,	1.064178e-02
304,	1.047806e-02
305,	1.031434e-02
306,	1.015062e-02
312,	9.986902e-03
322,	9.823183e-03
325,	9.659463e-03
331,	9.495743e-03
332,	9.332024e-03
337,	9.168304e-03
344,	9.004584e-03
345,	8.840864e-03
347,	8.677145e-03
348,	8.513425e-03
348,	8.349705e-03
348,	8.185986e-03
349,	8.022266e-03
356,	7.858546e-03
365,	7.694826e-03
365,	7.531107e-03
370,	7.367387e-03
376,	7.203667e-03
377,	7.039948e-03
378,	6.876228e-03
381,	6.712508e-03
383,	6.548788e-03
405,	6.385069e-03
407,	6.221349e-03
408,	6.057629e-03
465,	5.893910e-03
472,	5.730190e-03
509,	5.566470e-03
519,	5.402750e-03
520,	5.239031e-03
521,	5.075311e-03
527,	4.911591e-03
540,	4.747872e-03
547,	4.584152e-03
552,	4.420432e-03
556,	4.256713e-03
563,	4.092993e-03
565,	3.929273e-03
612,	3.765553e-03
708,	3.601834e-03
718,	3.438114e-03
757,	3.274394e-03
764,	3.110675e-03
771,	2.946955e-03
920,	2.783235e-03
925,	2.619515e-03
959,	2.455796e-03
1066,	2.292076e-03
1068,	2.128356e-03
1159,	1.964637e-03
1342,	1.800917e-03
1345,	1.637197e-03
1425,	1.473477e-03
1470,	1.309758e-03
1739,	1.146038e-03
1837,	9.823183e-04
2218,	8.185986e-04
2276,	6.548788e-04
2384,	4.911591e-04
2388,	3.274394e-04
2633,	1.637197e-04
3864,	0.000000e+00
